Image URI,Label
gs://brain_check_bucket/no/No12.jpg,no
gs://brain_check_bucket/no/No13.jpg,no
gs://brain_check_bucket/no/No14.jpg,no
gs://brain_check_bucket/no/No15.jpg,no
gs://brain_check_bucket/no/No17.jpg,no
gs://brain_check_bucket/no/No18.jpg,no
gs://brain_check_bucket/no/No19.jpg,no
gs://brain_check_bucket/no/no0.jpg,no
gs://brain_check_bucket/no/no1.jpg,no
gs://brain_check_bucket/no/no10.jpg,no
gs://brain_check_bucket/no/no100.jpg,no
gs://brain_check_bucket/no/no1000.jpg,no
gs://brain_check_bucket/no/no1001.jpg,no
gs://brain_check_bucket/no/no1002.jpg,no
gs://brain_check_bucket/no/no1003.jpg,no
gs://brain_check_bucket/no/no1004.jpg,no
gs://brain_check_bucket/no/no1005.jpg,no
gs://brain_check_bucket/no/no1006.jpg,no
gs://brain_check_bucket/no/no1007.jpg,no
gs://brain_check_bucket/no/no1008.jpg,no
gs://brain_check_bucket/no/no1009.jpg,no
gs://brain_check_bucket/no/no101.jpg,no
gs://brain_check_bucket/no/no1010.jpg,no
gs://brain_check_bucket/no/no1011.jpg,no
gs://brain_check_bucket/no/no1012.jpg,no
gs://brain_check_bucket/no/no1013.jpg,no
gs://brain_check_bucket/no/no1014.jpg,no
gs://brain_check_bucket/no/no1015.jpg,no
gs://brain_check_bucket/no/no1016.jpg,no
gs://brain_check_bucket/no/no1017.jpg,no
gs://brain_check_bucket/no/no1018.jpg,no
gs://brain_check_bucket/no/no1019.jpg,no
gs://brain_check_bucket/no/no102.jpg,no
gs://brain_check_bucket/no/no1020.jpg,no
gs://brain_check_bucket/no/no1021.jpg,no
gs://brain_check_bucket/no/no1022.jpg,no
gs://brain_check_bucket/no/no1023.jpg,no
gs://brain_check_bucket/no/no1024.jpg,no
gs://brain_check_bucket/no/no1025.jpg,no
gs://brain_check_bucket/no/no1026.jpg,no
gs://brain_check_bucket/no/no1027.jpg,no
gs://brain_check_bucket/no/no1028.jpg,no
gs://brain_check_bucket/no/no1029.jpg,no
gs://brain_check_bucket/no/no103.jpg,no
gs://brain_check_bucket/no/no1030.jpg,no
gs://brain_check_bucket/no/no1031.jpg,no
gs://brain_check_bucket/no/no1032.jpg,no
gs://brain_check_bucket/no/no1033.jpg,no
gs://brain_check_bucket/no/no1034.jpg,no
gs://brain_check_bucket/no/no1035.jpg,no
gs://brain_check_bucket/no/no1036.jpg,no
gs://brain_check_bucket/no/no1037.jpg,no
gs://brain_check_bucket/no/no1038.jpg,no
gs://brain_check_bucket/no/no1039.jpg,no
gs://brain_check_bucket/no/no104.jpg,no
gs://brain_check_bucket/no/no1040.jpg,no
gs://brain_check_bucket/no/no1041.jpg,no
gs://brain_check_bucket/no/no1042.jpg,no
gs://brain_check_bucket/no/no1043.jpg,no
gs://brain_check_bucket/no/no1044.jpg,no
gs://brain_check_bucket/no/no1045.jpg,no
gs://brain_check_bucket/no/no1046.jpg,no
gs://brain_check_bucket/no/no1047.jpg,no
gs://brain_check_bucket/no/no1048.jpg,no
gs://brain_check_bucket/no/no1049.jpg,no
gs://brain_check_bucket/no/no105.jpg,no
gs://brain_check_bucket/no/no1050.jpg,no
gs://brain_check_bucket/no/no1051.jpg,no
gs://brain_check_bucket/no/no1052.jpg,no
gs://brain_check_bucket/no/no1053.jpg,no
gs://brain_check_bucket/no/no1054.jpg,no
gs://brain_check_bucket/no/no1055.jpg,no
gs://brain_check_bucket/no/no1056.jpg,no
gs://brain_check_bucket/no/no1057.jpg,no
gs://brain_check_bucket/no/no1058.jpg,no
gs://brain_check_bucket/no/no1059.jpg,no
gs://brain_check_bucket/no/no106.jpg,no
gs://brain_check_bucket/no/no1060.jpg,no
gs://brain_check_bucket/no/no1061.jpg,no
gs://brain_check_bucket/no/no1062.jpg,no
gs://brain_check_bucket/no/no1063.jpg,no
gs://brain_check_bucket/no/no1064.jpg,no
gs://brain_check_bucket/no/no1065.jpg,no
gs://brain_check_bucket/no/no1066.jpg,no
gs://brain_check_bucket/no/no1067.jpg,no
gs://brain_check_bucket/no/no1068.jpg,no
gs://brain_check_bucket/no/no1069.jpg,no
gs://brain_check_bucket/no/no107.jpg,no
gs://brain_check_bucket/no/no1070.jpg,no
gs://brain_check_bucket/no/no1071.jpg,no
gs://brain_check_bucket/no/no1072.jpg,no
gs://brain_check_bucket/no/no1073.jpg,no
gs://brain_check_bucket/no/no1074.jpg,no
gs://brain_check_bucket/no/no1075.jpg,no
gs://brain_check_bucket/no/no1076.jpg,no
gs://brain_check_bucket/no/no1077.jpg,no
gs://brain_check_bucket/no/no1078.jpg,no
gs://brain_check_bucket/no/no1079.jpg,no
gs://brain_check_bucket/no/no108.jpg,no
gs://brain_check_bucket/no/no1080.jpg,no
gs://brain_check_bucket/no/no1081.jpg,no
gs://brain_check_bucket/no/no1082.jpg,no
gs://brain_check_bucket/no/no1083.jpg,no
gs://brain_check_bucket/no/no1084.jpg,no
gs://brain_check_bucket/no/no1085.jpg,no
gs://brain_check_bucket/no/no1086.jpg,no
gs://brain_check_bucket/no/no1087.jpg,no
gs://brain_check_bucket/no/no1088.jpg,no
gs://brain_check_bucket/no/no1089.jpg,no
gs://brain_check_bucket/no/no109.jpg,no
gs://brain_check_bucket/no/no1090.jpg,no
gs://brain_check_bucket/no/no1091.jpg,no
gs://brain_check_bucket/no/no1092.jpg,no
gs://brain_check_bucket/no/no1093.jpg,no
gs://brain_check_bucket/no/no1094.jpg,no
gs://brain_check_bucket/no/no1095.jpg,no
gs://brain_check_bucket/no/no1096.jpg,no
gs://brain_check_bucket/no/no1097.jpg,no
gs://brain_check_bucket/no/no1098.jpg,no
gs://brain_check_bucket/no/no1099.jpg,no
gs://brain_check_bucket/no/no11.jpg,no
gs://brain_check_bucket/no/no110.jpg,no
gs://brain_check_bucket/no/no1100.jpg,no
gs://brain_check_bucket/no/no1101.jpg,no
gs://brain_check_bucket/no/no1102.jpg,no
gs://brain_check_bucket/no/no1103.jpg,no
gs://brain_check_bucket/no/no1104.jpg,no
gs://brain_check_bucket/no/no1105.jpg,no
gs://brain_check_bucket/no/no1106.jpg,no
gs://brain_check_bucket/no/no1107.jpg,no
gs://brain_check_bucket/no/no1108.jpg,no
gs://brain_check_bucket/no/no1109.jpg,no
gs://brain_check_bucket/no/no111.jpg,no
gs://brain_check_bucket/no/no1110.jpg,no
gs://brain_check_bucket/no/no1111.jpg,no
gs://brain_check_bucket/no/no1112.jpg,no
gs://brain_check_bucket/no/no1113.jpg,no
gs://brain_check_bucket/no/no1114.jpg,no
gs://brain_check_bucket/no/no1115.jpg,no
gs://brain_check_bucket/no/no1116.jpg,no
gs://brain_check_bucket/no/no1117.jpg,no
gs://brain_check_bucket/no/no1118.jpg,no
gs://brain_check_bucket/no/no1119.jpg,no
gs://brain_check_bucket/no/no112.jpg,no
gs://brain_check_bucket/no/no1120.jpg,no
gs://brain_check_bucket/no/no1121.jpg,no
gs://brain_check_bucket/no/no1122.jpg,no
gs://brain_check_bucket/no/no1123.jpg,no
gs://brain_check_bucket/no/no1124.jpg,no
gs://brain_check_bucket/no/no1125.jpg,no
gs://brain_check_bucket/no/no1126.jpg,no
gs://brain_check_bucket/no/no1127.jpg,no
gs://brain_check_bucket/no/no1128.jpg,no
gs://brain_check_bucket/no/no1129.jpg,no
gs://brain_check_bucket/no/no113.jpg,no
gs://brain_check_bucket/no/no1130.jpg,no
gs://brain_check_bucket/no/no1131.jpg,no
gs://brain_check_bucket/no/no1132.jpg,no
gs://brain_check_bucket/no/no1133.jpg,no
gs://brain_check_bucket/no/no1134.jpg,no
gs://brain_check_bucket/no/no1135.jpg,no
gs://brain_check_bucket/no/no1136.jpg,no
gs://brain_check_bucket/no/no1137.jpg,no
gs://brain_check_bucket/no/no1138.jpg,no
gs://brain_check_bucket/no/no1139.jpg,no
gs://brain_check_bucket/no/no114.jpg,no
gs://brain_check_bucket/no/no1140.jpg,no
gs://brain_check_bucket/no/no1141.jpg,no
gs://brain_check_bucket/no/no1142.jpg,no
gs://brain_check_bucket/no/no1143.jpg,no
gs://brain_check_bucket/no/no1144.jpg,no
gs://brain_check_bucket/no/no1145.jpg,no
gs://brain_check_bucket/no/no1146.jpg,no
gs://brain_check_bucket/no/no1147.jpg,no
gs://brain_check_bucket/no/no1148.jpg,no
gs://brain_check_bucket/no/no1149.jpg,no
gs://brain_check_bucket/no/no115.jpg,no
gs://brain_check_bucket/no/no1150.jpg,no
gs://brain_check_bucket/no/no1151.jpg,no
gs://brain_check_bucket/no/no1152.jpg,no
gs://brain_check_bucket/no/no1153.jpg,no
gs://brain_check_bucket/no/no1154.jpg,no
gs://brain_check_bucket/no/no1155.jpg,no
gs://brain_check_bucket/no/no1156.jpg,no
gs://brain_check_bucket/no/no1157.jpg,no
gs://brain_check_bucket/no/no1158.jpg,no
gs://brain_check_bucket/no/no1159.jpg,no
gs://brain_check_bucket/no/no116.jpg,no
gs://brain_check_bucket/no/no1160.jpg,no
gs://brain_check_bucket/no/no1161.jpg,no
gs://brain_check_bucket/no/no1162.jpg,no
gs://brain_check_bucket/no/no1163.jpg,no
gs://brain_check_bucket/no/no1164.jpg,no
gs://brain_check_bucket/no/no1165.jpg,no
gs://brain_check_bucket/no/no1166.jpg,no
gs://brain_check_bucket/no/no1167.jpg,no
gs://brain_check_bucket/no/no1168.jpg,no
gs://brain_check_bucket/no/no1169.jpg,no
gs://brain_check_bucket/no/no117.jpg,no
gs://brain_check_bucket/no/no1170.jpg,no
gs://brain_check_bucket/no/no1171.jpg,no
gs://brain_check_bucket/no/no1172.jpg,no
gs://brain_check_bucket/no/no1173.jpg,no
gs://brain_check_bucket/no/no1174.jpg,no
gs://brain_check_bucket/no/no1175.jpg,no
gs://brain_check_bucket/no/no1176.jpg,no
gs://brain_check_bucket/no/no1177.jpg,no
gs://brain_check_bucket/no/no1178.jpg,no
gs://brain_check_bucket/no/no1179.jpg,no
gs://brain_check_bucket/no/no118.jpg,no
gs://brain_check_bucket/no/no1180.jpg,no
gs://brain_check_bucket/no/no1181.jpg,no
gs://brain_check_bucket/no/no1182.jpg,no
gs://brain_check_bucket/no/no1183.jpg,no
gs://brain_check_bucket/no/no1184.jpg,no
gs://brain_check_bucket/no/no1185.jpg,no
gs://brain_check_bucket/no/no1186.jpg,no
gs://brain_check_bucket/no/no1187.jpg,no
gs://brain_check_bucket/no/no1188.jpg,no
gs://brain_check_bucket/no/no1189.jpg,no
gs://brain_check_bucket/no/no119.jpg,no
gs://brain_check_bucket/no/no1190.jpg,no
gs://brain_check_bucket/no/no1191.jpg,no
gs://brain_check_bucket/no/no1192.jpg,no
gs://brain_check_bucket/no/no1193.jpg,no
gs://brain_check_bucket/no/no1194.jpg,no
gs://brain_check_bucket/no/no1195.jpg,no
gs://brain_check_bucket/no/no1196.jpg,no
gs://brain_check_bucket/no/no1197.jpg,no
gs://brain_check_bucket/no/no1198.jpg,no
gs://brain_check_bucket/no/no1199.jpg,no
gs://brain_check_bucket/no/no120.jpg,no
gs://brain_check_bucket/no/no1200.jpg,no
gs://brain_check_bucket/no/no1201.jpg,no
gs://brain_check_bucket/no/no1202.jpg,no
gs://brain_check_bucket/no/no1203.jpg,no
gs://brain_check_bucket/no/no1204.jpg,no
gs://brain_check_bucket/no/no1205.jpg,no
gs://brain_check_bucket/no/no1206.jpg,no
gs://brain_check_bucket/no/no1207.jpg,no
gs://brain_check_bucket/no/no1208.jpg,no
gs://brain_check_bucket/no/no1209.jpg,no
gs://brain_check_bucket/no/no121.jpg,no
gs://brain_check_bucket/no/no1210.jpg,no
gs://brain_check_bucket/no/no1211.jpg,no
gs://brain_check_bucket/no/no1212.jpg,no
gs://brain_check_bucket/no/no1213.jpg,no
gs://brain_check_bucket/no/no1214.jpg,no
gs://brain_check_bucket/no/no1215.jpg,no
gs://brain_check_bucket/no/no1216.jpg,no
gs://brain_check_bucket/no/no1217.jpg,no
gs://brain_check_bucket/no/no1218.jpg,no
gs://brain_check_bucket/no/no1219.jpg,no
gs://brain_check_bucket/no/no122.jpg,no
gs://brain_check_bucket/no/no1220.jpg,no
gs://brain_check_bucket/no/no1221.jpg,no
gs://brain_check_bucket/no/no1222.jpg,no
gs://brain_check_bucket/no/no1223.jpg,no
gs://brain_check_bucket/no/no1224.jpg,no
gs://brain_check_bucket/no/no1225.jpg,no
gs://brain_check_bucket/no/no1226.jpg,no
gs://brain_check_bucket/no/no1227.jpg,no
gs://brain_check_bucket/no/no1228.jpg,no
gs://brain_check_bucket/no/no1229.jpg,no
gs://brain_check_bucket/no/no123.jpg,no
gs://brain_check_bucket/no/no1230.jpg,no
gs://brain_check_bucket/no/no1231.jpg,no
gs://brain_check_bucket/no/no1232.jpg,no
gs://brain_check_bucket/no/no1233.jpg,no
gs://brain_check_bucket/no/no1234.jpg,no
gs://brain_check_bucket/no/no1235.jpg,no
gs://brain_check_bucket/no/no1236.jpg,no
gs://brain_check_bucket/no/no1237.jpg,no
gs://brain_check_bucket/no/no1238.jpg,no
gs://brain_check_bucket/no/no1239.jpg,no
gs://brain_check_bucket/no/no124.jpg,no
gs://brain_check_bucket/no/no1240.jpg,no
gs://brain_check_bucket/no/no1241.jpg,no
gs://brain_check_bucket/no/no1242.jpg,no
gs://brain_check_bucket/no/no1243.jpg,no
gs://brain_check_bucket/no/no1244.jpg,no
gs://brain_check_bucket/no/no1245.jpg,no
gs://brain_check_bucket/no/no1246.jpg,no
gs://brain_check_bucket/no/no1247.jpg,no
gs://brain_check_bucket/no/no1248.jpg,no
gs://brain_check_bucket/no/no1249.jpg,no
gs://brain_check_bucket/no/no125.jpg,no
gs://brain_check_bucket/no/no1250.jpg,no
gs://brain_check_bucket/no/no1251.jpg,no
gs://brain_check_bucket/no/no1252.jpg,no
gs://brain_check_bucket/no/no1253.jpg,no
gs://brain_check_bucket/no/no1254.jpg,no
gs://brain_check_bucket/no/no1255.jpg,no
gs://brain_check_bucket/no/no1256.jpg,no
gs://brain_check_bucket/no/no1257.jpg,no
gs://brain_check_bucket/no/no1258.jpg,no
gs://brain_check_bucket/no/no1259.jpg,no
gs://brain_check_bucket/no/no126.jpg,no
gs://brain_check_bucket/no/no1260.jpg,no
gs://brain_check_bucket/no/no1261.jpg,no
gs://brain_check_bucket/no/no1262.jpg,no
gs://brain_check_bucket/no/no1263.jpg,no
gs://brain_check_bucket/no/no1264.jpg,no
gs://brain_check_bucket/no/no1265.jpg,no
gs://brain_check_bucket/no/no1266.jpg,no
gs://brain_check_bucket/no/no1267.jpg,no
gs://brain_check_bucket/no/no1268.jpg,no
gs://brain_check_bucket/no/no1269.jpg,no
gs://brain_check_bucket/no/no127.jpg,no
gs://brain_check_bucket/no/no1270.jpg,no
gs://brain_check_bucket/no/no1271.jpg,no
gs://brain_check_bucket/no/no1272.jpg,no
gs://brain_check_bucket/no/no1273.jpg,no
gs://brain_check_bucket/no/no1274.jpg,no
gs://brain_check_bucket/no/no1275.jpg,no
gs://brain_check_bucket/no/no1276.jpg,no
gs://brain_check_bucket/no/no1277.jpg,no
gs://brain_check_bucket/no/no1278.jpg,no
gs://brain_check_bucket/no/no1279.jpg,no
gs://brain_check_bucket/no/no128.jpg,no
gs://brain_check_bucket/no/no1280.jpg,no
gs://brain_check_bucket/no/no1281.jpg,no
gs://brain_check_bucket/no/no1282.jpg,no
gs://brain_check_bucket/no/no1283.jpg,no
gs://brain_check_bucket/no/no1284.jpg,no
gs://brain_check_bucket/no/no1285.jpg,no
gs://brain_check_bucket/no/no1286.jpg,no
gs://brain_check_bucket/no/no1287.jpg,no
gs://brain_check_bucket/no/no1288.jpg,no
gs://brain_check_bucket/no/no1289.jpg,no
gs://brain_check_bucket/no/no129.jpg,no
gs://brain_check_bucket/no/no1290.jpg,no
gs://brain_check_bucket/no/no1291.jpg,no
gs://brain_check_bucket/no/no1292.jpg,no
gs://brain_check_bucket/no/no1293.jpg,no
gs://brain_check_bucket/no/no1294.jpg,no
gs://brain_check_bucket/no/no1295.jpg,no
gs://brain_check_bucket/no/no1296.jpg,no
gs://brain_check_bucket/no/no1297.jpg,no
gs://brain_check_bucket/no/no1298.jpg,no
gs://brain_check_bucket/no/no1299.jpg,no
gs://brain_check_bucket/no/no130.jpg,no
gs://brain_check_bucket/no/no1300.jpg,no
gs://brain_check_bucket/no/no1301.jpg,no
gs://brain_check_bucket/no/no1302.jpg,no
gs://brain_check_bucket/no/no1303.jpg,no
gs://brain_check_bucket/no/no1304.jpg,no
gs://brain_check_bucket/no/no1305.jpg,no
gs://brain_check_bucket/no/no1306.jpg,no
gs://brain_check_bucket/no/no1307.jpg,no
gs://brain_check_bucket/no/no1308.jpg,no
gs://brain_check_bucket/no/no1309.jpg,no
gs://brain_check_bucket/no/no131.jpg,no
gs://brain_check_bucket/no/no1310.jpg,no
gs://brain_check_bucket/no/no1311.jpg,no
gs://brain_check_bucket/no/no1312.jpg,no
gs://brain_check_bucket/no/no1313.jpg,no
gs://brain_check_bucket/no/no1314.jpg,no
gs://brain_check_bucket/no/no1315.jpg,no
gs://brain_check_bucket/no/no1316.jpg,no
gs://brain_check_bucket/no/no1317.jpg,no
gs://brain_check_bucket/no/no1318.jpg,no
gs://brain_check_bucket/no/no1319.jpg,no
gs://brain_check_bucket/no/no132.jpg,no
gs://brain_check_bucket/no/no1320.jpg,no
gs://brain_check_bucket/no/no1321.jpg,no
gs://brain_check_bucket/no/no1322.jpg,no
gs://brain_check_bucket/no/no1323.jpg,no
gs://brain_check_bucket/no/no1324.jpg,no
gs://brain_check_bucket/no/no1325.jpg,no
gs://brain_check_bucket/no/no1326.jpg,no
gs://brain_check_bucket/no/no1327.jpg,no
gs://brain_check_bucket/no/no1328.jpg,no
gs://brain_check_bucket/no/no1329.jpg,no
gs://brain_check_bucket/no/no133.jpg,no
gs://brain_check_bucket/no/no1330.jpg,no
gs://brain_check_bucket/no/no1331.jpg,no
gs://brain_check_bucket/no/no1332.jpg,no
gs://brain_check_bucket/no/no1333.jpg,no
gs://brain_check_bucket/no/no1334.jpg,no
gs://brain_check_bucket/no/no1335.jpg,no
gs://brain_check_bucket/no/no1336.jpg,no
gs://brain_check_bucket/no/no1337.jpg,no
gs://brain_check_bucket/no/no1338.jpg,no
gs://brain_check_bucket/no/no1339.jpg,no
gs://brain_check_bucket/no/no134.jpg,no
gs://brain_check_bucket/no/no1340.jpg,no
gs://brain_check_bucket/no/no1341.jpg,no
gs://brain_check_bucket/no/no1342.jpg,no
gs://brain_check_bucket/no/no1343.jpg,no
gs://brain_check_bucket/no/no1344.jpg,no
gs://brain_check_bucket/no/no1345.jpg,no
gs://brain_check_bucket/no/no1346.jpg,no
gs://brain_check_bucket/no/no1347.jpg,no
gs://brain_check_bucket/no/no1348.jpg,no
gs://brain_check_bucket/no/no1349.jpg,no
gs://brain_check_bucket/no/no135.jpg,no
gs://brain_check_bucket/no/no1350.jpg,no
gs://brain_check_bucket/no/no1351.jpg,no
gs://brain_check_bucket/no/no1352.jpg,no
gs://brain_check_bucket/no/no1353.jpg,no
gs://brain_check_bucket/no/no1354.jpg,no
gs://brain_check_bucket/no/no1355.jpg,no
gs://brain_check_bucket/no/no1356.jpg,no
gs://brain_check_bucket/no/no1357.jpg,no
gs://brain_check_bucket/no/no1358.jpg,no
gs://brain_check_bucket/no/no1359.jpg,no
gs://brain_check_bucket/no/no136.jpg,no
gs://brain_check_bucket/no/no1360.jpg,no
gs://brain_check_bucket/no/no1361.jpg,no
gs://brain_check_bucket/no/no1362.jpg,no
gs://brain_check_bucket/no/no1363.jpg,no
gs://brain_check_bucket/no/no1364.jpg,no
gs://brain_check_bucket/no/no1365.jpg,no
gs://brain_check_bucket/no/no1366.jpg,no
gs://brain_check_bucket/no/no1367.jpg,no
gs://brain_check_bucket/no/no1368.jpg,no
gs://brain_check_bucket/no/no1369.jpg,no
gs://brain_check_bucket/no/no137.jpg,no
gs://brain_check_bucket/no/no1370.jpg,no
gs://brain_check_bucket/no/no1371.jpg,no
gs://brain_check_bucket/no/no1372.jpg,no
gs://brain_check_bucket/no/no1373.jpg,no
gs://brain_check_bucket/no/no1374.jpg,no
gs://brain_check_bucket/no/no1375.jpg,no
gs://brain_check_bucket/no/no1376.jpg,no
gs://brain_check_bucket/no/no1377.jpg,no
gs://brain_check_bucket/no/no1378.jpg,no
gs://brain_check_bucket/no/no1379.jpg,no
gs://brain_check_bucket/no/no138.jpg,no
gs://brain_check_bucket/no/no1380.jpg,no
gs://brain_check_bucket/no/no1381.jpg,no
gs://brain_check_bucket/no/no1382.jpg,no
gs://brain_check_bucket/no/no1383.jpg,no
gs://brain_check_bucket/no/no1384.jpg,no
gs://brain_check_bucket/no/no1385.jpg,no
gs://brain_check_bucket/no/no1386.jpg,no
gs://brain_check_bucket/no/no1387.jpg,no
gs://brain_check_bucket/no/no1388.jpg,no
gs://brain_check_bucket/no/no1389.jpg,no
gs://brain_check_bucket/no/no139.jpg,no
gs://brain_check_bucket/no/no1390.jpg,no
gs://brain_check_bucket/no/no1391.jpg,no
gs://brain_check_bucket/no/no1392.jpg,no
gs://brain_check_bucket/no/no1393.jpg,no
gs://brain_check_bucket/no/no1394.jpg,no
gs://brain_check_bucket/no/no1395.jpg,no
gs://brain_check_bucket/no/no1396.jpg,no
gs://brain_check_bucket/no/no1397.jpg,no
gs://brain_check_bucket/no/no1398.jpg,no
gs://brain_check_bucket/no/no1399.jpg,no
gs://brain_check_bucket/no/no140.jpg,no
gs://brain_check_bucket/no/no1400.jpg,no
gs://brain_check_bucket/no/no1401.jpg,no
gs://brain_check_bucket/no/no1402.jpg,no
gs://brain_check_bucket/no/no1403.jpg,no
gs://brain_check_bucket/no/no1404.jpg,no
gs://brain_check_bucket/no/no1405.jpg,no
gs://brain_check_bucket/no/no1406.jpg,no
gs://brain_check_bucket/no/no1407.jpg,no
gs://brain_check_bucket/no/no1408.jpg,no
gs://brain_check_bucket/no/no1409.jpg,no
gs://brain_check_bucket/no/no141.jpg,no
gs://brain_check_bucket/no/no1410.jpg,no
gs://brain_check_bucket/no/no1411.jpg,no
gs://brain_check_bucket/no/no1412.jpg,no
gs://brain_check_bucket/no/no1413.jpg,no
gs://brain_check_bucket/no/no1414.jpg,no
gs://brain_check_bucket/no/no1415.jpg,no
gs://brain_check_bucket/no/no1416.jpg,no
gs://brain_check_bucket/no/no1417.jpg,no
gs://brain_check_bucket/no/no1418.jpg,no
gs://brain_check_bucket/no/no1419.jpg,no
gs://brain_check_bucket/no/no142.jpg,no
gs://brain_check_bucket/no/no1420.jpg,no
gs://brain_check_bucket/no/no1421.jpg,no
gs://brain_check_bucket/no/no1422.jpg,no
gs://brain_check_bucket/no/no1423.jpg,no
gs://brain_check_bucket/no/no1424.jpg,no
gs://brain_check_bucket/no/no1425.jpg,no
gs://brain_check_bucket/no/no1426.jpg,no
gs://brain_check_bucket/no/no1427.jpg,no
gs://brain_check_bucket/no/no1428.jpg,no
gs://brain_check_bucket/no/no1429.jpg,no
gs://brain_check_bucket/no/no143.jpg,no
gs://brain_check_bucket/no/no1430.jpg,no
gs://brain_check_bucket/no/no1431.jpg,no
gs://brain_check_bucket/no/no1432.jpg,no
gs://brain_check_bucket/no/no1433.jpg,no
gs://brain_check_bucket/no/no1434.jpg,no
gs://brain_check_bucket/no/no1435.jpg,no
gs://brain_check_bucket/no/no1436.jpg,no
gs://brain_check_bucket/no/no1437.jpg,no
gs://brain_check_bucket/no/no1438.jpg,no
gs://brain_check_bucket/no/no1439.jpg,no
gs://brain_check_bucket/no/no144.jpg,no
gs://brain_check_bucket/no/no1440.jpg,no
gs://brain_check_bucket/no/no1441.jpg,no
gs://brain_check_bucket/no/no1442.jpg,no
gs://brain_check_bucket/no/no1443.jpg,no
gs://brain_check_bucket/no/no1444.jpg,no
gs://brain_check_bucket/no/no1445.jpg,no
gs://brain_check_bucket/no/no1446.jpg,no
gs://brain_check_bucket/no/no1447.jpg,no
gs://brain_check_bucket/no/no1448.jpg,no
gs://brain_check_bucket/no/no1449.jpg,no
gs://brain_check_bucket/no/no145.jpg,no
gs://brain_check_bucket/no/no1450.jpg,no
gs://brain_check_bucket/no/no1451.jpg,no
gs://brain_check_bucket/no/no1452.jpg,no
gs://brain_check_bucket/no/no1453.jpg,no
gs://brain_check_bucket/no/no1454.jpg,no
gs://brain_check_bucket/no/no1455.jpg,no
gs://brain_check_bucket/no/no1456.jpg,no
gs://brain_check_bucket/no/no1457.jpg,no
gs://brain_check_bucket/no/no1458.jpg,no
gs://brain_check_bucket/no/no1459.jpg,no
gs://brain_check_bucket/no/no146.jpg,no
gs://brain_check_bucket/no/no1460.jpg,no
gs://brain_check_bucket/no/no1461.jpg,no
gs://brain_check_bucket/no/no1462.jpg,no
gs://brain_check_bucket/no/no1463.jpg,no
gs://brain_check_bucket/no/no1464.jpg,no
gs://brain_check_bucket/no/no1465.jpg,no
gs://brain_check_bucket/no/no1466.jpg,no
gs://brain_check_bucket/no/no1467.jpg,no
gs://brain_check_bucket/no/no1468.jpg,no
gs://brain_check_bucket/no/no1469.jpg,no
gs://brain_check_bucket/no/no147.jpg,no
gs://brain_check_bucket/no/no1470.jpg,no
gs://brain_check_bucket/no/no1471.jpg,no
gs://brain_check_bucket/no/no1472.jpg,no
gs://brain_check_bucket/no/no1473.jpg,no
gs://brain_check_bucket/no/no1474.jpg,no
gs://brain_check_bucket/no/no1475.jpg,no
gs://brain_check_bucket/no/no1476.jpg,no
gs://brain_check_bucket/no/no1477.jpg,no
gs://brain_check_bucket/no/no1478.jpg,no
gs://brain_check_bucket/no/no1479.jpg,no
gs://brain_check_bucket/no/no148.jpg,no
gs://brain_check_bucket/no/no1480.jpg,no
gs://brain_check_bucket/no/no1481.jpg,no
gs://brain_check_bucket/no/no1482.jpg,no
gs://brain_check_bucket/no/no1483.jpg,no
gs://brain_check_bucket/no/no1484.jpg,no
gs://brain_check_bucket/no/no1485.jpg,no
gs://brain_check_bucket/no/no1486.jpg,no
gs://brain_check_bucket/no/no1487.jpg,no
gs://brain_check_bucket/no/no1488.jpg,no
gs://brain_check_bucket/no/no1489.jpg,no
gs://brain_check_bucket/no/no149.jpg,no
gs://brain_check_bucket/no/no1490.jpg,no
gs://brain_check_bucket/no/no1491.jpg,no
gs://brain_check_bucket/no/no1492.jpg,no
gs://brain_check_bucket/no/no1493.jpg,no
gs://brain_check_bucket/no/no1494.jpg,no
gs://brain_check_bucket/no/no1495.jpg,no
gs://brain_check_bucket/no/no1496.jpg,no
gs://brain_check_bucket/no/no1497.jpg,no
gs://brain_check_bucket/no/no1498.jpg,no
gs://brain_check_bucket/no/no1499.jpg,no
gs://brain_check_bucket/no/no150.jpg,no
gs://brain_check_bucket/no/no151.jpg,no
gs://brain_check_bucket/no/no152.jpg,no
gs://brain_check_bucket/no/no153.jpg,no
gs://brain_check_bucket/no/no154.jpg,no
gs://brain_check_bucket/no/no155.jpg,no
gs://brain_check_bucket/no/no156.jpg,no
gs://brain_check_bucket/no/no157.jpg,no
gs://brain_check_bucket/no/no158.jpg,no
gs://brain_check_bucket/no/no159.jpg,no
gs://brain_check_bucket/no/no16.jpg,no
gs://brain_check_bucket/no/no160.jpg,no
gs://brain_check_bucket/no/no161.jpg,no
gs://brain_check_bucket/no/no162.jpg,no
gs://brain_check_bucket/no/no163.jpg,no
gs://brain_check_bucket/no/no164.jpg,no
gs://brain_check_bucket/no/no165.jpg,no
gs://brain_check_bucket/no/no166.jpg,no
gs://brain_check_bucket/no/no167.jpg,no
gs://brain_check_bucket/no/no168.jpg,no
gs://brain_check_bucket/no/no169.jpg,no
gs://brain_check_bucket/no/no170.jpg,no
gs://brain_check_bucket/no/no171.jpg,no
gs://brain_check_bucket/no/no172.jpg,no
gs://brain_check_bucket/no/no173.jpg,no
gs://brain_check_bucket/no/no174.jpg,no
gs://brain_check_bucket/no/no175.jpg,no
gs://brain_check_bucket/no/no176.jpg,no
gs://brain_check_bucket/no/no177.jpg,no
gs://brain_check_bucket/no/no178.jpg,no
gs://brain_check_bucket/no/no179.jpg,no
gs://brain_check_bucket/no/no180.jpg,no
gs://brain_check_bucket/no/no181.jpg,no
gs://brain_check_bucket/no/no182.jpg,no
gs://brain_check_bucket/no/no183.jpg,no
gs://brain_check_bucket/no/no184.jpg,no
gs://brain_check_bucket/no/no185.jpg,no
gs://brain_check_bucket/no/no186.jpg,no
gs://brain_check_bucket/no/no187.jpg,no
gs://brain_check_bucket/no/no188.jpg,no
gs://brain_check_bucket/no/no189.jpg,no
gs://brain_check_bucket/no/no190.jpg,no
gs://brain_check_bucket/no/no191.jpg,no
gs://brain_check_bucket/no/no192.jpg,no
gs://brain_check_bucket/no/no193.jpg,no
gs://brain_check_bucket/no/no194.jpg,no
gs://brain_check_bucket/no/no195.jpg,no
gs://brain_check_bucket/no/no196.jpg,no
gs://brain_check_bucket/no/no197.jpg,no
gs://brain_check_bucket/no/no198.jpg,no
gs://brain_check_bucket/no/no199.jpg,no
gs://brain_check_bucket/no/no2.jpg,no
gs://brain_check_bucket/no/no20.jpg,no
gs://brain_check_bucket/no/no200.jpg,no
gs://brain_check_bucket/no/no201.jpg,no
gs://brain_check_bucket/no/no202.jpg,no
gs://brain_check_bucket/no/no203.jpg,no
gs://brain_check_bucket/no/no204.jpg,no
gs://brain_check_bucket/no/no205.jpg,no
gs://brain_check_bucket/no/no206.jpg,no
gs://brain_check_bucket/no/no207.jpg,no
gs://brain_check_bucket/no/no208.jpg,no
gs://brain_check_bucket/no/no209.jpg,no
gs://brain_check_bucket/no/no21.jpg,no
gs://brain_check_bucket/no/no210.jpg,no
gs://brain_check_bucket/no/no211.jpg,no
gs://brain_check_bucket/no/no212.jpg,no
gs://brain_check_bucket/no/no213.jpg,no
gs://brain_check_bucket/no/no214.jpg,no
gs://brain_check_bucket/no/no215.jpg,no
gs://brain_check_bucket/no/no216.jpg,no
gs://brain_check_bucket/no/no217.jpg,no
gs://brain_check_bucket/no/no218.jpg,no
gs://brain_check_bucket/no/no219.jpg,no
gs://brain_check_bucket/no/no22.jpg,no
gs://brain_check_bucket/no/no220.jpg,no
gs://brain_check_bucket/no/no221.jpg,no
gs://brain_check_bucket/no/no222.jpg,no
gs://brain_check_bucket/no/no223.jpg,no
gs://brain_check_bucket/no/no224.jpg,no
gs://brain_check_bucket/no/no225.jpg,no
gs://brain_check_bucket/no/no226.jpg,no
gs://brain_check_bucket/no/no227.jpg,no
gs://brain_check_bucket/no/no228.jpg,no
gs://brain_check_bucket/no/no229.jpg,no
gs://brain_check_bucket/no/no23.jpg,no
gs://brain_check_bucket/no/no230.jpg,no
gs://brain_check_bucket/no/no231.jpg,no
gs://brain_check_bucket/no/no232.jpg,no
gs://brain_check_bucket/no/no233.jpg,no
gs://brain_check_bucket/no/no234.jpg,no
gs://brain_check_bucket/no/no235.jpg,no
gs://brain_check_bucket/no/no236.jpg,no
gs://brain_check_bucket/no/no237.jpg,no
gs://brain_check_bucket/no/no238.jpg,no
gs://brain_check_bucket/no/no239.jpg,no
gs://brain_check_bucket/no/no24.jpg,no
gs://brain_check_bucket/no/no240.jpg,no
gs://brain_check_bucket/no/no241.jpg,no
gs://brain_check_bucket/no/no242.jpg,no
gs://brain_check_bucket/no/no243.jpg,no
gs://brain_check_bucket/no/no244.jpg,no
gs://brain_check_bucket/no/no245.jpg,no
gs://brain_check_bucket/no/no246.jpg,no
gs://brain_check_bucket/no/no247.jpg,no
gs://brain_check_bucket/no/no248.jpg,no
gs://brain_check_bucket/no/no249.jpg,no
gs://brain_check_bucket/no/no25.jpg,no
gs://brain_check_bucket/no/no250.jpg,no
gs://brain_check_bucket/no/no251.jpg,no
gs://brain_check_bucket/no/no252.jpg,no
gs://brain_check_bucket/no/no253.jpg,no
gs://brain_check_bucket/no/no254.jpg,no
gs://brain_check_bucket/no/no255.jpg,no
gs://brain_check_bucket/no/no256.jpg,no
gs://brain_check_bucket/no/no257.jpg,no
gs://brain_check_bucket/no/no258.jpg,no
gs://brain_check_bucket/no/no259.jpg,no
gs://brain_check_bucket/no/no26.jpg,no
gs://brain_check_bucket/no/no260.jpg,no
gs://brain_check_bucket/no/no261.jpg,no
gs://brain_check_bucket/no/no262.jpg,no
gs://brain_check_bucket/no/no263.jpg,no
gs://brain_check_bucket/no/no264.jpg,no
gs://brain_check_bucket/no/no265.jpg,no
gs://brain_check_bucket/no/no266.jpg,no
gs://brain_check_bucket/no/no267.jpg,no
gs://brain_check_bucket/no/no268.jpg,no
gs://brain_check_bucket/no/no269.jpg,no
gs://brain_check_bucket/no/no27.jpg,no
gs://brain_check_bucket/no/no270.jpg,no
gs://brain_check_bucket/no/no271.jpg,no
gs://brain_check_bucket/no/no272.jpg,no
gs://brain_check_bucket/no/no273.jpg,no
gs://brain_check_bucket/no/no274.jpg,no
gs://brain_check_bucket/no/no275.jpg,no
gs://brain_check_bucket/no/no276.jpg,no
gs://brain_check_bucket/no/no277.jpg,no
gs://brain_check_bucket/no/no278.jpg,no
gs://brain_check_bucket/no/no279.jpg,no
gs://brain_check_bucket/no/no28.jpg,no
gs://brain_check_bucket/no/no280.jpg,no
gs://brain_check_bucket/no/no281.jpg,no
gs://brain_check_bucket/no/no282.jpg,no
gs://brain_check_bucket/no/no283.jpg,no
gs://brain_check_bucket/no/no284.jpg,no
gs://brain_check_bucket/no/no285.jpg,no
gs://brain_check_bucket/no/no286.jpg,no
gs://brain_check_bucket/no/no287.jpg,no
gs://brain_check_bucket/no/no288.jpg,no
gs://brain_check_bucket/no/no289.jpg,no
gs://brain_check_bucket/no/no29.jpg,no
gs://brain_check_bucket/no/no290.jpg,no
gs://brain_check_bucket/no/no291.jpg,no
gs://brain_check_bucket/no/no292.jpg,no
gs://brain_check_bucket/no/no293.jpg,no
gs://brain_check_bucket/no/no294.jpg,no
gs://brain_check_bucket/no/no295.jpg,no
gs://brain_check_bucket/no/no296.jpg,no
gs://brain_check_bucket/no/no297.jpg,no
gs://brain_check_bucket/no/no298.jpg,no
gs://brain_check_bucket/no/no299.jpg,no
gs://brain_check_bucket/no/no3.jpg,no
gs://brain_check_bucket/no/no30.jpg,no
gs://brain_check_bucket/no/no300.jpg,no
gs://brain_check_bucket/no/no301.jpg,no
gs://brain_check_bucket/no/no302.jpg,no
gs://brain_check_bucket/no/no303.jpg,no
gs://brain_check_bucket/no/no304.jpg,no
gs://brain_check_bucket/no/no305.jpg,no
gs://brain_check_bucket/no/no306.jpg,no
gs://brain_check_bucket/no/no307.jpg,no
gs://brain_check_bucket/no/no308.jpg,no
gs://brain_check_bucket/no/no309.jpg,no
gs://brain_check_bucket/no/no31.jpg,no
gs://brain_check_bucket/no/no310.jpg,no
gs://brain_check_bucket/no/no311.jpg,no
gs://brain_check_bucket/no/no312.jpg,no
gs://brain_check_bucket/no/no313.jpg,no
gs://brain_check_bucket/no/no314.jpg,no
gs://brain_check_bucket/no/no315.jpg,no
gs://brain_check_bucket/no/no316.jpg,no
gs://brain_check_bucket/no/no317.jpg,no
gs://brain_check_bucket/no/no318.jpg,no
gs://brain_check_bucket/no/no319.jpg,no
gs://brain_check_bucket/no/no32.jpg,no
gs://brain_check_bucket/no/no320.jpg,no
gs://brain_check_bucket/no/no321.jpg,no
gs://brain_check_bucket/no/no322.jpg,no
gs://brain_check_bucket/no/no323.jpg,no
gs://brain_check_bucket/no/no324.jpg,no
gs://brain_check_bucket/no/no325.jpg,no
gs://brain_check_bucket/no/no326.jpg,no
gs://brain_check_bucket/no/no327.jpg,no
gs://brain_check_bucket/no/no328.jpg,no
gs://brain_check_bucket/no/no329.jpg,no
gs://brain_check_bucket/no/no33.jpg,no
gs://brain_check_bucket/no/no330.jpg,no
gs://brain_check_bucket/no/no331.jpg,no
gs://brain_check_bucket/no/no332.jpg,no
gs://brain_check_bucket/no/no333.jpg,no
gs://brain_check_bucket/no/no334.jpg,no
gs://brain_check_bucket/no/no335.jpg,no
gs://brain_check_bucket/no/no336.jpg,no
gs://brain_check_bucket/no/no337.jpg,no
gs://brain_check_bucket/no/no338.jpg,no
gs://brain_check_bucket/no/no339.jpg,no
gs://brain_check_bucket/no/no34.jpg,no
gs://brain_check_bucket/no/no340.jpg,no
gs://brain_check_bucket/no/no341.jpg,no
gs://brain_check_bucket/no/no342.jpg,no
gs://brain_check_bucket/no/no343.jpg,no
gs://brain_check_bucket/no/no344.jpg,no
gs://brain_check_bucket/no/no345.jpg,no
gs://brain_check_bucket/no/no346.jpg,no
gs://brain_check_bucket/no/no347.jpg,no
gs://brain_check_bucket/no/no348.jpg,no
gs://brain_check_bucket/no/no349.jpg,no
gs://brain_check_bucket/no/no35.jpg,no
gs://brain_check_bucket/no/no350.jpg,no
gs://brain_check_bucket/no/no351.jpg,no
gs://brain_check_bucket/no/no352.jpg,no
gs://brain_check_bucket/no/no353.jpg,no
gs://brain_check_bucket/no/no354.jpg,no
gs://brain_check_bucket/no/no355.jpg,no
gs://brain_check_bucket/no/no356.jpg,no
gs://brain_check_bucket/no/no357.jpg,no
gs://brain_check_bucket/no/no358.jpg,no
gs://brain_check_bucket/no/no359.jpg,no
gs://brain_check_bucket/no/no36.jpg,no
gs://brain_check_bucket/no/no360.jpg,no
gs://brain_check_bucket/no/no361.jpg,no
gs://brain_check_bucket/no/no362.jpg,no
gs://brain_check_bucket/no/no363.jpg,no
gs://brain_check_bucket/no/no364.jpg,no
gs://brain_check_bucket/no/no365.jpg,no
gs://brain_check_bucket/no/no366.jpg,no
gs://brain_check_bucket/no/no367.jpg,no
gs://brain_check_bucket/no/no368.jpg,no
gs://brain_check_bucket/no/no369.jpg,no
gs://brain_check_bucket/no/no37.jpg,no
gs://brain_check_bucket/no/no370.jpg,no
gs://brain_check_bucket/no/no371.jpg,no
gs://brain_check_bucket/no/no372.jpg,no
gs://brain_check_bucket/no/no373.jpg,no
gs://brain_check_bucket/no/no374.jpg,no
gs://brain_check_bucket/no/no375.jpg,no
gs://brain_check_bucket/no/no376.jpg,no
gs://brain_check_bucket/no/no377.jpg,no
gs://brain_check_bucket/no/no378.jpg,no
gs://brain_check_bucket/no/no379.jpg,no
gs://brain_check_bucket/no/no38.jpg,no
gs://brain_check_bucket/no/no380.jpg,no
gs://brain_check_bucket/no/no381.jpg,no
gs://brain_check_bucket/no/no382.jpg,no
gs://brain_check_bucket/no/no383.jpg,no
gs://brain_check_bucket/no/no384.jpg,no
gs://brain_check_bucket/no/no385.jpg,no
gs://brain_check_bucket/no/no386.jpg,no
gs://brain_check_bucket/no/no387.jpg,no
gs://brain_check_bucket/no/no388.jpg,no
gs://brain_check_bucket/no/no389.jpg,no
gs://brain_check_bucket/no/no39.jpg,no
gs://brain_check_bucket/no/no390.jpg,no
gs://brain_check_bucket/no/no391.jpg,no
gs://brain_check_bucket/no/no392.jpg,no
gs://brain_check_bucket/no/no393.jpg,no
gs://brain_check_bucket/no/no394.jpg,no
gs://brain_check_bucket/no/no395.jpg,no
gs://brain_check_bucket/no/no396.jpg,no
gs://brain_check_bucket/no/no397.jpg,no
gs://brain_check_bucket/no/no398.jpg,no
gs://brain_check_bucket/no/no399.jpg,no
gs://brain_check_bucket/no/no4.jpg,no
gs://brain_check_bucket/no/no40.jpg,no
gs://brain_check_bucket/no/no400.jpg,no
gs://brain_check_bucket/no/no401.jpg,no
gs://brain_check_bucket/no/no402.jpg,no
gs://brain_check_bucket/no/no403.jpg,no
gs://brain_check_bucket/no/no404.jpg,no
gs://brain_check_bucket/no/no405.jpg,no
gs://brain_check_bucket/no/no406.jpg,no
gs://brain_check_bucket/no/no407.jpg,no
gs://brain_check_bucket/no/no408.jpg,no
gs://brain_check_bucket/no/no409.jpg,no
gs://brain_check_bucket/no/no41.jpg,no
gs://brain_check_bucket/no/no410.jpg,no
gs://brain_check_bucket/no/no411.jpg,no
gs://brain_check_bucket/no/no412.jpg,no
gs://brain_check_bucket/no/no413.jpg,no
gs://brain_check_bucket/no/no414.jpg,no
gs://brain_check_bucket/no/no415.jpg,no
gs://brain_check_bucket/no/no416.jpg,no
gs://brain_check_bucket/no/no417.jpg,no
gs://brain_check_bucket/no/no418.jpg,no
gs://brain_check_bucket/no/no419.jpg,no
gs://brain_check_bucket/no/no42.jpg,no
gs://brain_check_bucket/no/no420.jpg,no
gs://brain_check_bucket/no/no421.jpg,no
gs://brain_check_bucket/no/no422.jpg,no
gs://brain_check_bucket/no/no423.jpg,no
gs://brain_check_bucket/no/no424.jpg,no
gs://brain_check_bucket/no/no425.jpg,no
gs://brain_check_bucket/no/no426.jpg,no
gs://brain_check_bucket/no/no427.jpg,no
gs://brain_check_bucket/no/no428.jpg,no
gs://brain_check_bucket/no/no429.jpg,no
gs://brain_check_bucket/no/no43.jpg,no
gs://brain_check_bucket/no/no430.jpg,no
gs://brain_check_bucket/no/no431.jpg,no
gs://brain_check_bucket/no/no432.jpg,no
gs://brain_check_bucket/no/no433.jpg,no
gs://brain_check_bucket/no/no434.jpg,no
gs://brain_check_bucket/no/no435.jpg,no
gs://brain_check_bucket/no/no436.jpg,no
gs://brain_check_bucket/no/no437.jpg,no
gs://brain_check_bucket/no/no438.jpg,no
gs://brain_check_bucket/no/no439.jpg,no
gs://brain_check_bucket/no/no44.jpg,no
gs://brain_check_bucket/no/no440.jpg,no
gs://brain_check_bucket/no/no441.jpg,no
gs://brain_check_bucket/no/no442.jpg,no
gs://brain_check_bucket/no/no443.jpg,no
gs://brain_check_bucket/no/no444.jpg,no
gs://brain_check_bucket/no/no445.jpg,no
gs://brain_check_bucket/no/no446.jpg,no
gs://brain_check_bucket/no/no447.jpg,no
gs://brain_check_bucket/no/no448.jpg,no
gs://brain_check_bucket/no/no449.jpg,no
gs://brain_check_bucket/no/no45.jpg,no
gs://brain_check_bucket/no/no450.jpg,no
gs://brain_check_bucket/no/no451.jpg,no
gs://brain_check_bucket/no/no452.jpg,no
gs://brain_check_bucket/no/no453.jpg,no
gs://brain_check_bucket/no/no454.jpg,no
gs://brain_check_bucket/no/no455.jpg,no
gs://brain_check_bucket/no/no456.jpg,no
gs://brain_check_bucket/no/no457.jpg,no
gs://brain_check_bucket/no/no458.jpg,no
gs://brain_check_bucket/no/no459.jpg,no
gs://brain_check_bucket/no/no46.jpg,no
gs://brain_check_bucket/no/no460.jpg,no
gs://brain_check_bucket/no/no461.jpg,no
gs://brain_check_bucket/no/no462.jpg,no
gs://brain_check_bucket/no/no463.jpg,no
gs://brain_check_bucket/no/no464.jpg,no
gs://brain_check_bucket/no/no465.jpg,no
gs://brain_check_bucket/no/no466.jpg,no
gs://brain_check_bucket/no/no467.jpg,no
gs://brain_check_bucket/no/no468.jpg,no
gs://brain_check_bucket/no/no469.jpg,no
gs://brain_check_bucket/no/no47.jpg,no
gs://brain_check_bucket/no/no470.jpg,no
gs://brain_check_bucket/no/no471.jpg,no
gs://brain_check_bucket/no/no472.jpg,no
gs://brain_check_bucket/no/no473.jpg,no
gs://brain_check_bucket/no/no474.jpg,no
gs://brain_check_bucket/no/no475.jpg,no
gs://brain_check_bucket/no/no476.jpg,no
gs://brain_check_bucket/no/no477.jpg,no
gs://brain_check_bucket/no/no478.jpg,no
gs://brain_check_bucket/no/no479.jpg,no
gs://brain_check_bucket/no/no48.jpg,no
gs://brain_check_bucket/no/no480.jpg,no
gs://brain_check_bucket/no/no481.jpg,no
gs://brain_check_bucket/no/no482.jpg,no
gs://brain_check_bucket/no/no483.jpg,no
gs://brain_check_bucket/no/no484.jpg,no
gs://brain_check_bucket/no/no485.jpg,no
gs://brain_check_bucket/no/no486.jpg,no
gs://brain_check_bucket/no/no487.jpg,no
gs://brain_check_bucket/no/no488.jpg,no
gs://brain_check_bucket/no/no489.jpg,no
gs://brain_check_bucket/no/no49.jpg,no
gs://brain_check_bucket/no/no490.jpg,no
gs://brain_check_bucket/no/no491.jpg,no
gs://brain_check_bucket/no/no492.jpg,no
gs://brain_check_bucket/no/no493.jpg,no
gs://brain_check_bucket/no/no494.jpg,no
gs://brain_check_bucket/no/no495.jpg,no
gs://brain_check_bucket/no/no496.jpg,no
gs://brain_check_bucket/no/no497.jpg,no
gs://brain_check_bucket/no/no498.jpg,no
gs://brain_check_bucket/no/no499.jpg,no
gs://brain_check_bucket/no/no5.jpg,no
gs://brain_check_bucket/no/no50.jpg,no
gs://brain_check_bucket/no/no500.jpg,no
gs://brain_check_bucket/no/no501.jpg,no
gs://brain_check_bucket/no/no502.jpg,no
gs://brain_check_bucket/no/no503.jpg,no
gs://brain_check_bucket/no/no504.jpg,no
gs://brain_check_bucket/no/no505.jpg,no
gs://brain_check_bucket/no/no506.jpg,no
gs://brain_check_bucket/no/no507.jpg,no
gs://brain_check_bucket/no/no508.jpg,no
gs://brain_check_bucket/no/no509.jpg,no
gs://brain_check_bucket/no/no51.jpg,no
gs://brain_check_bucket/no/no510.jpg,no
gs://brain_check_bucket/no/no511.jpg,no
gs://brain_check_bucket/no/no512.jpg,no
gs://brain_check_bucket/no/no513.jpg,no
gs://brain_check_bucket/no/no514.jpg,no
gs://brain_check_bucket/no/no515.jpg,no
gs://brain_check_bucket/no/no516.jpg,no
gs://brain_check_bucket/no/no517.jpg,no
gs://brain_check_bucket/no/no518.jpg,no
gs://brain_check_bucket/no/no519.jpg,no
gs://brain_check_bucket/no/no52.jpg,no
gs://brain_check_bucket/no/no520.jpg,no
gs://brain_check_bucket/no/no521.jpg,no
gs://brain_check_bucket/no/no522.jpg,no
gs://brain_check_bucket/no/no523.jpg,no
gs://brain_check_bucket/no/no524.jpg,no
gs://brain_check_bucket/no/no525.jpg,no
gs://brain_check_bucket/no/no526.jpg,no
gs://brain_check_bucket/no/no527.jpg,no
gs://brain_check_bucket/no/no528.jpg,no
gs://brain_check_bucket/no/no529.jpg,no
gs://brain_check_bucket/no/no53.jpg,no
gs://brain_check_bucket/no/no530.jpg,no
gs://brain_check_bucket/no/no531.jpg,no
gs://brain_check_bucket/no/no532.jpg,no
gs://brain_check_bucket/no/no533.jpg,no
gs://brain_check_bucket/no/no534.jpg,no
gs://brain_check_bucket/no/no535.jpg,no
gs://brain_check_bucket/no/no536.jpg,no
gs://brain_check_bucket/no/no537.jpg,no
gs://brain_check_bucket/no/no538.jpg,no
gs://brain_check_bucket/no/no539.jpg,no
gs://brain_check_bucket/no/no54.jpg,no
gs://brain_check_bucket/no/no540.jpg,no
gs://brain_check_bucket/no/no541.jpg,no
gs://brain_check_bucket/no/no542.jpg,no
gs://brain_check_bucket/no/no543.jpg,no
gs://brain_check_bucket/no/no544.jpg,no
gs://brain_check_bucket/no/no545.jpg,no
gs://brain_check_bucket/no/no546.jpg,no
gs://brain_check_bucket/no/no547.jpg,no
gs://brain_check_bucket/no/no548.jpg,no
gs://brain_check_bucket/yes/y0.jpg,yes
gs://brain_check_bucket/yes/y1.jpg,yes
gs://brain_check_bucket/yes/y10.jpg,yes
gs://brain_check_bucket/yes/y100.jpg,yes
gs://brain_check_bucket/yes/y1000.jpg,yes
gs://brain_check_bucket/yes/y1001.jpg,yes
gs://brain_check_bucket/yes/y1002.jpg,yes
gs://brain_check_bucket/yes/y1003.jpg,yes
gs://brain_check_bucket/yes/y1004.jpg,yes
gs://brain_check_bucket/yes/y1005.jpg,yes
gs://brain_check_bucket/yes/y1006.jpg,yes
gs://brain_check_bucket/yes/y1007.jpg,yes
gs://brain_check_bucket/yes/y1008.jpg,yes
gs://brain_check_bucket/yes/y1009.jpg,yes
gs://brain_check_bucket/yes/y101.jpg,yes
gs://brain_check_bucket/yes/y1010.jpg,yes
gs://brain_check_bucket/yes/y1011.jpg,yes
gs://brain_check_bucket/yes/y1012.jpg,yes
gs://brain_check_bucket/yes/y1013.jpg,yes
gs://brain_check_bucket/yes/y1014.jpg,yes
gs://brain_check_bucket/yes/y1015.jpg,yes
gs://brain_check_bucket/yes/y1016.jpg,yes
gs://brain_check_bucket/yes/y1017.jpg,yes
gs://brain_check_bucket/yes/y1018.jpg,yes
gs://brain_check_bucket/yes/y1019.jpg,yes
gs://brain_check_bucket/yes/y102.jpg,yes
gs://brain_check_bucket/yes/y1020.jpg,yes
gs://brain_check_bucket/yes/y1021.jpg,yes
gs://brain_check_bucket/yes/y1022.jpg,yes
gs://brain_check_bucket/yes/y1023.jpg,yes
gs://brain_check_bucket/yes/y1024.jpg,yes
gs://brain_check_bucket/yes/y1025.jpg,yes
gs://brain_check_bucket/yes/y1026.jpg,yes
gs://brain_check_bucket/yes/y1027.jpg,yes
gs://brain_check_bucket/yes/y1028.jpg,yes
gs://brain_check_bucket/yes/y1029.jpg,yes
gs://brain_check_bucket/yes/y103.jpg,yes
gs://brain_check_bucket/yes/y1030.jpg,yes
gs://brain_check_bucket/yes/y1031.jpg,yes
gs://brain_check_bucket/yes/y1032.jpg,yes
gs://brain_check_bucket/yes/y1033.jpg,yes
gs://brain_check_bucket/yes/y1034.jpg,yes
gs://brain_check_bucket/yes/y1035.jpg,yes
gs://brain_check_bucket/yes/y1036.jpg,yes
gs://brain_check_bucket/yes/y1037.jpg,yes
gs://brain_check_bucket/yes/y1038.jpg,yes
gs://brain_check_bucket/yes/y1039.jpg,yes
gs://brain_check_bucket/yes/y104.jpg,yes
gs://brain_check_bucket/yes/y1040.jpg,yes
gs://brain_check_bucket/yes/y1041.jpg,yes
gs://brain_check_bucket/yes/y1042.jpg,yes
gs://brain_check_bucket/yes/y1043.jpg,yes
gs://brain_check_bucket/yes/y1044.jpg,yes
gs://brain_check_bucket/yes/y1045.jpg,yes
gs://brain_check_bucket/yes/y1046.jpg,yes
gs://brain_check_bucket/yes/y1047.jpg,yes
gs://brain_check_bucket/yes/y1048.jpg,yes
gs://brain_check_bucket/yes/y1049.jpg,yes
gs://brain_check_bucket/yes/y105.jpg,yes
gs://brain_check_bucket/yes/y1050.jpg,yes
gs://brain_check_bucket/yes/y1051.jpg,yes
gs://brain_check_bucket/yes/y1052.jpg,yes
gs://brain_check_bucket/yes/y1053.jpg,yes
gs://brain_check_bucket/yes/y1054.jpg,yes
gs://brain_check_bucket/yes/y1055.jpg,yes
gs://brain_check_bucket/yes/y1056.jpg,yes
gs://brain_check_bucket/yes/y1057.jpg,yes
gs://brain_check_bucket/yes/y1058.jpg,yes
gs://brain_check_bucket/yes/y1059.jpg,yes
gs://brain_check_bucket/yes/y106.jpg,yes
gs://brain_check_bucket/yes/y1060.jpg,yes
gs://brain_check_bucket/yes/y1061.jpg,yes
gs://brain_check_bucket/yes/y1062.jpg,yes
gs://brain_check_bucket/yes/y1063.jpg,yes
gs://brain_check_bucket/yes/y1064.jpg,yes
gs://brain_check_bucket/yes/y1065.jpg,yes
gs://brain_check_bucket/yes/y1066.jpg,yes
gs://brain_check_bucket/yes/y1067.jpg,yes
gs://brain_check_bucket/yes/y1068.jpg,yes
gs://brain_check_bucket/yes/y1069.jpg,yes
gs://brain_check_bucket/yes/y107.jpg,yes
gs://brain_check_bucket/yes/y1070.jpg,yes
gs://brain_check_bucket/yes/y1071.jpg,yes
gs://brain_check_bucket/yes/y1072.jpg,yes
gs://brain_check_bucket/yes/y1073.jpg,yes
gs://brain_check_bucket/yes/y1074.jpg,yes
gs://brain_check_bucket/yes/y1075.jpg,yes
gs://brain_check_bucket/yes/y1076.jpg,yes
gs://brain_check_bucket/yes/y1077.jpg,yes
gs://brain_check_bucket/yes/y1078.jpg,yes
gs://brain_check_bucket/yes/y1079.jpg,yes
gs://brain_check_bucket/yes/y108.jpg,yes
gs://brain_check_bucket/yes/y1080.jpg,yes
gs://brain_check_bucket/yes/y1081.jpg,yes
gs://brain_check_bucket/yes/y1082.jpg,yes
gs://brain_check_bucket/yes/y1083.jpg,yes
gs://brain_check_bucket/yes/y1084.jpg,yes
gs://brain_check_bucket/yes/y1085.jpg,yes
gs://brain_check_bucket/yes/y1086.jpg,yes
gs://brain_check_bucket/yes/y1087.jpg,yes
gs://brain_check_bucket/yes/y1088.jpg,yes
gs://brain_check_bucket/yes/y1089.jpg,yes
gs://brain_check_bucket/yes/y109.jpg,yes
gs://brain_check_bucket/yes/y1090.jpg,yes
gs://brain_check_bucket/yes/y1091.jpg,yes
gs://brain_check_bucket/yes/y1092.jpg,yes
gs://brain_check_bucket/yes/y1093.jpg,yes
gs://brain_check_bucket/yes/y1094.jpg,yes
gs://brain_check_bucket/yes/y1095.jpg,yes
gs://brain_check_bucket/yes/y1096.jpg,yes
gs://brain_check_bucket/yes/y1097.jpg,yes
gs://brain_check_bucket/yes/y1098.jpg,yes
gs://brain_check_bucket/yes/y1099.jpg,yes
gs://brain_check_bucket/yes/y11.jpg,yes
gs://brain_check_bucket/yes/y110.jpg,yes
gs://brain_check_bucket/yes/y1100.jpg,yes
gs://brain_check_bucket/yes/y1101.jpg,yes
gs://brain_check_bucket/yes/y1102.jpg,yes
gs://brain_check_bucket/yes/y1103.jpg,yes
gs://brain_check_bucket/yes/y1104.jpg,yes
gs://brain_check_bucket/yes/y1105.jpg,yes
gs://brain_check_bucket/yes/y1106.jpg,yes
gs://brain_check_bucket/yes/y1107.jpg,yes
gs://brain_check_bucket/yes/y1108.jpg,yes
gs://brain_check_bucket/yes/y1109.jpg,yes
gs://brain_check_bucket/yes/y111.jpg,yes
gs://brain_check_bucket/yes/y1110.jpg,yes
gs://brain_check_bucket/yes/y1111.jpg,yes
gs://brain_check_bucket/yes/y1112.jpg,yes
gs://brain_check_bucket/yes/y1113.jpg,yes
gs://brain_check_bucket/yes/y1114.jpg,yes
gs://brain_check_bucket/yes/y1115.jpg,yes
gs://brain_check_bucket/yes/y1116.jpg,yes
gs://brain_check_bucket/yes/y1117.jpg,yes
gs://brain_check_bucket/yes/y1118.jpg,yes
gs://brain_check_bucket/yes/y1119.jpg,yes
gs://brain_check_bucket/yes/y112.jpg,yes
gs://brain_check_bucket/yes/y1120.jpg,yes
gs://brain_check_bucket/yes/y1121.jpg,yes
gs://brain_check_bucket/yes/y1122.jpg,yes
gs://brain_check_bucket/yes/y1123.jpg,yes
gs://brain_check_bucket/yes/y1124.jpg,yes
gs://brain_check_bucket/yes/y1125.jpg,yes
gs://brain_check_bucket/yes/y1126.jpg,yes
gs://brain_check_bucket/yes/y1127.jpg,yes
gs://brain_check_bucket/yes/y1128.jpg,yes
gs://brain_check_bucket/yes/y1129.jpg,yes
gs://brain_check_bucket/yes/y113.jpg,yes
gs://brain_check_bucket/yes/y1130.jpg,yes
gs://brain_check_bucket/yes/y1131.jpg,yes
gs://brain_check_bucket/yes/y1132.jpg,yes
gs://brain_check_bucket/yes/y1133.jpg,yes
gs://brain_check_bucket/yes/y1134.jpg,yes
gs://brain_check_bucket/yes/y1135.jpg,yes
gs://brain_check_bucket/yes/y1136.jpg,yes
gs://brain_check_bucket/yes/y1137.jpg,yes
gs://brain_check_bucket/yes/y1138.jpg,yes
gs://brain_check_bucket/yes/y1139.jpg,yes
gs://brain_check_bucket/yes/y114.jpg,yes
gs://brain_check_bucket/yes/y1140.jpg,yes
gs://brain_check_bucket/yes/y1141.jpg,yes
gs://brain_check_bucket/yes/y1142.jpg,yes
gs://brain_check_bucket/yes/y1143.jpg,yes
gs://brain_check_bucket/yes/y1144.jpg,yes
gs://brain_check_bucket/yes/y1145.jpg,yes
gs://brain_check_bucket/yes/y1146.jpg,yes
gs://brain_check_bucket/yes/y1147.jpg,yes
gs://brain_check_bucket/yes/y1148.jpg,yes
gs://brain_check_bucket/yes/y1149.jpg,yes
gs://brain_check_bucket/yes/y115.jpg,yes
gs://brain_check_bucket/yes/y1150.jpg,yes
gs://brain_check_bucket/yes/y1151.jpg,yes
gs://brain_check_bucket/yes/y1152.jpg,yes
gs://brain_check_bucket/yes/y1153.jpg,yes
gs://brain_check_bucket/yes/y1154.jpg,yes
gs://brain_check_bucket/yes/y1155.jpg,yes
gs://brain_check_bucket/yes/y1156.jpg,yes
gs://brain_check_bucket/yes/y1157.jpg,yes
gs://brain_check_bucket/yes/y1158.jpg,yes
gs://brain_check_bucket/yes/y1159.jpg,yes
gs://brain_check_bucket/yes/y116.jpg,yes
gs://brain_check_bucket/yes/y1160.jpg,yes
gs://brain_check_bucket/yes/y1161.jpg,yes
gs://brain_check_bucket/yes/y1162.jpg,yes
gs://brain_check_bucket/yes/y1163.jpg,yes
gs://brain_check_bucket/yes/y1164.jpg,yes
gs://brain_check_bucket/yes/y1165.jpg,yes
gs://brain_check_bucket/yes/y1166.jpg,yes
gs://brain_check_bucket/yes/y1167.jpg,yes
gs://brain_check_bucket/yes/y1168.jpg,yes
gs://brain_check_bucket/yes/y1169.jpg,yes
gs://brain_check_bucket/yes/y117.jpg,yes
gs://brain_check_bucket/yes/y1170.jpg,yes
gs://brain_check_bucket/yes/y1171.jpg,yes
gs://brain_check_bucket/yes/y1172.jpg,yes
gs://brain_check_bucket/yes/y1173.jpg,yes
gs://brain_check_bucket/yes/y1174.jpg,yes
gs://brain_check_bucket/yes/y1175.jpg,yes
gs://brain_check_bucket/yes/y1176.jpg,yes
gs://brain_check_bucket/yes/y1177.jpg,yes
gs://brain_check_bucket/yes/y1178.jpg,yes
gs://brain_check_bucket/yes/y1179.jpg,yes
gs://brain_check_bucket/yes/y118.jpg,yes
gs://brain_check_bucket/yes/y1180.jpg,yes
gs://brain_check_bucket/yes/y1181.jpg,yes
gs://brain_check_bucket/yes/y1182.jpg,yes
gs://brain_check_bucket/yes/y1183.jpg,yes
gs://brain_check_bucket/yes/y1184.jpg,yes
gs://brain_check_bucket/yes/y1185.jpg,yes
gs://brain_check_bucket/yes/y1186.jpg,yes
gs://brain_check_bucket/yes/y1187.jpg,yes
gs://brain_check_bucket/yes/y1188.jpg,yes
gs://brain_check_bucket/yes/y1189.jpg,yes
gs://brain_check_bucket/yes/y119.jpg,yes
gs://brain_check_bucket/yes/y1190.jpg,yes
gs://brain_check_bucket/yes/y1191.jpg,yes
gs://brain_check_bucket/yes/y1192.jpg,yes
gs://brain_check_bucket/yes/y1193.jpg,yes
gs://brain_check_bucket/yes/y1194.jpg,yes
gs://brain_check_bucket/yes/y1195.jpg,yes
gs://brain_check_bucket/yes/y1196.jpg,yes
gs://brain_check_bucket/yes/y1197.jpg,yes
gs://brain_check_bucket/yes/y1198.jpg,yes
gs://brain_check_bucket/yes/y1199.jpg,yes
gs://brain_check_bucket/yes/y12.jpg,yes
gs://brain_check_bucket/yes/y120.jpg,yes
gs://brain_check_bucket/yes/y1200.jpg,yes
gs://brain_check_bucket/yes/y1201.jpg,yes
gs://brain_check_bucket/yes/y1202.jpg,yes
gs://brain_check_bucket/yes/y1203.jpg,yes
gs://brain_check_bucket/yes/y1204.jpg,yes
gs://brain_check_bucket/yes/y1205.jpg,yes
gs://brain_check_bucket/yes/y1206.jpg,yes
gs://brain_check_bucket/yes/y1207.jpg,yes
gs://brain_check_bucket/yes/y1208.jpg,yes
gs://brain_check_bucket/yes/y1209.jpg,yes
gs://brain_check_bucket/yes/y121.jpg,yes
gs://brain_check_bucket/yes/y1210.jpg,yes
gs://brain_check_bucket/yes/y1211.jpg,yes
gs://brain_check_bucket/yes/y1212.jpg,yes
gs://brain_check_bucket/yes/y1213.jpg,yes
gs://brain_check_bucket/yes/y1214.jpg,yes
gs://brain_check_bucket/yes/y1215.jpg,yes
gs://brain_check_bucket/yes/y1216.jpg,yes
gs://brain_check_bucket/yes/y1217.jpg,yes
gs://brain_check_bucket/yes/y1218.jpg,yes
gs://brain_check_bucket/yes/y1219.jpg,yes
gs://brain_check_bucket/yes/y122.jpg,yes
gs://brain_check_bucket/yes/y1220.jpg,yes
gs://brain_check_bucket/yes/y1221.jpg,yes
gs://brain_check_bucket/yes/y1222.jpg,yes
gs://brain_check_bucket/yes/y1223.jpg,yes
gs://brain_check_bucket/yes/y1224.jpg,yes
gs://brain_check_bucket/yes/y1225.jpg,yes
gs://brain_check_bucket/yes/y1226.jpg,yes
gs://brain_check_bucket/yes/y1227.jpg,yes
gs://brain_check_bucket/yes/y1228.jpg,yes
gs://brain_check_bucket/yes/y1229.jpg,yes
gs://brain_check_bucket/yes/y123.jpg,yes
gs://brain_check_bucket/yes/y1230.jpg,yes
gs://brain_check_bucket/yes/y1231.jpg,yes
gs://brain_check_bucket/yes/y1232.jpg,yes
gs://brain_check_bucket/yes/y1233.jpg,yes
gs://brain_check_bucket/yes/y1234.jpg,yes
gs://brain_check_bucket/yes/y1235.jpg,yes
gs://brain_check_bucket/yes/y1236.jpg,yes
gs://brain_check_bucket/yes/y1237.jpg,yes
gs://brain_check_bucket/yes/y1238.jpg,yes
gs://brain_check_bucket/yes/y1239.jpg,yes
gs://brain_check_bucket/yes/y124.jpg,yes
gs://brain_check_bucket/yes/y1240.jpg,yes
gs://brain_check_bucket/yes/y1241.jpg,yes
gs://brain_check_bucket/yes/y1242.jpg,yes
gs://brain_check_bucket/yes/y1243.jpg,yes
gs://brain_check_bucket/yes/y1244.jpg,yes
gs://brain_check_bucket/yes/y1245.jpg,yes
gs://brain_check_bucket/yes/y1246.jpg,yes
gs://brain_check_bucket/yes/y1247.jpg,yes
gs://brain_check_bucket/yes/y1248.jpg,yes
gs://brain_check_bucket/yes/y1249.jpg,yes
gs://brain_check_bucket/yes/y125.jpg,yes
gs://brain_check_bucket/yes/y1250.jpg,yes
gs://brain_check_bucket/yes/y1251.jpg,yes
gs://brain_check_bucket/yes/y1252.jpg,yes
gs://brain_check_bucket/yes/y1253.jpg,yes
gs://brain_check_bucket/yes/y1254.jpg,yes
gs://brain_check_bucket/yes/y1255.jpg,yes
gs://brain_check_bucket/yes/y1256.jpg,yes
gs://brain_check_bucket/yes/y1257.jpg,yes
gs://brain_check_bucket/yes/y1258.jpg,yes
gs://brain_check_bucket/yes/y1259.jpg,yes
gs://brain_check_bucket/yes/y126.jpg,yes
gs://brain_check_bucket/yes/y1260.jpg,yes
gs://brain_check_bucket/yes/y1261.jpg,yes
gs://brain_check_bucket/yes/y1262.jpg,yes
gs://brain_check_bucket/yes/y1263.jpg,yes
gs://brain_check_bucket/yes/y1264.jpg,yes
gs://brain_check_bucket/yes/y1265.jpg,yes
gs://brain_check_bucket/yes/y1266.jpg,yes
gs://brain_check_bucket/yes/y1267.jpg,yes
gs://brain_check_bucket/yes/y1268.jpg,yes
gs://brain_check_bucket/yes/y1269.jpg,yes
gs://brain_check_bucket/yes/y127.jpg,yes
gs://brain_check_bucket/yes/y1270.jpg,yes
gs://brain_check_bucket/yes/y1271.jpg,yes
gs://brain_check_bucket/yes/y1272.jpg,yes
gs://brain_check_bucket/yes/y1273.jpg,yes
gs://brain_check_bucket/yes/y1274.jpg,yes
gs://brain_check_bucket/yes/y1275.jpg,yes
gs://brain_check_bucket/yes/y1276.jpg,yes
gs://brain_check_bucket/yes/y1277.jpg,yes
gs://brain_check_bucket/yes/y1278.jpg,yes
gs://brain_check_bucket/yes/y1279.jpg,yes
gs://brain_check_bucket/yes/y128.jpg,yes
gs://brain_check_bucket/yes/y1280.jpg,yes
gs://brain_check_bucket/yes/y1281.jpg,yes
gs://brain_check_bucket/yes/y1282.jpg,yes
gs://brain_check_bucket/yes/y1283.jpg,yes
gs://brain_check_bucket/yes/y1284.jpg,yes
gs://brain_check_bucket/yes/y1285.jpg,yes
gs://brain_check_bucket/yes/y1286.jpg,yes
gs://brain_check_bucket/yes/y1287.jpg,yes
gs://brain_check_bucket/yes/y1288.jpg,yes
gs://brain_check_bucket/yes/y1289.jpg,yes
gs://brain_check_bucket/yes/y129.jpg,yes
gs://brain_check_bucket/yes/y1290.jpg,yes
gs://brain_check_bucket/yes/y1291.jpg,yes
gs://brain_check_bucket/yes/y1292.jpg,yes
gs://brain_check_bucket/yes/y1293.jpg,yes
gs://brain_check_bucket/yes/y1294.jpg,yes
gs://brain_check_bucket/yes/y1295.jpg,yes
gs://brain_check_bucket/yes/y1296.jpg,yes
gs://brain_check_bucket/yes/y1297.jpg,yes
gs://brain_check_bucket/yes/y1298.jpg,yes
gs://brain_check_bucket/yes/y1299.jpg,yes
gs://brain_check_bucket/yes/y13.jpg,yes
gs://brain_check_bucket/yes/y130.jpg,yes
gs://brain_check_bucket/yes/y1300.jpg,yes
gs://brain_check_bucket/yes/y1301.jpg,yes
gs://brain_check_bucket/yes/y1302.jpg,yes
gs://brain_check_bucket/yes/y1303.jpg,yes
gs://brain_check_bucket/yes/y1304.jpg,yes
gs://brain_check_bucket/yes/y1305.jpg,yes
gs://brain_check_bucket/yes/y1306.jpg,yes
gs://brain_check_bucket/yes/y1307.jpg,yes
gs://brain_check_bucket/yes/y1308.jpg,yes
gs://brain_check_bucket/yes/y1309.jpg,yes
gs://brain_check_bucket/yes/y131.jpg,yes
gs://brain_check_bucket/yes/y1310.jpg,yes
gs://brain_check_bucket/yes/y1311.jpg,yes
gs://brain_check_bucket/yes/y1312.jpg,yes
gs://brain_check_bucket/yes/y1313.jpg,yes
gs://brain_check_bucket/yes/y1314.jpg,yes
gs://brain_check_bucket/yes/y1315.jpg,yes
gs://brain_check_bucket/yes/y1316.jpg,yes
gs://brain_check_bucket/yes/y1317.jpg,yes
gs://brain_check_bucket/yes/y1318.jpg,yes
gs://brain_check_bucket/yes/y1319.jpg,yes
gs://brain_check_bucket/yes/y132.jpg,yes
gs://brain_check_bucket/yes/y1320.jpg,yes
gs://brain_check_bucket/yes/y1321.jpg,yes
gs://brain_check_bucket/yes/y1322.jpg,yes
gs://brain_check_bucket/yes/y1323.jpg,yes
gs://brain_check_bucket/yes/y1324.jpg,yes
gs://brain_check_bucket/yes/y1325.jpg,yes
gs://brain_check_bucket/yes/y1326.jpg,yes
gs://brain_check_bucket/yes/y1327.jpg,yes
gs://brain_check_bucket/yes/y1328.jpg,yes
gs://brain_check_bucket/yes/y1329.jpg,yes
gs://brain_check_bucket/yes/y133.jpg,yes
gs://brain_check_bucket/yes/y1330.jpg,yes
gs://brain_check_bucket/yes/y1331.jpg,yes
gs://brain_check_bucket/yes/y1332.jpg,yes
gs://brain_check_bucket/yes/y1333.jpg,yes
gs://brain_check_bucket/yes/y1334.jpg,yes
gs://brain_check_bucket/yes/y1335.jpg,yes
gs://brain_check_bucket/yes/y1336.jpg,yes
gs://brain_check_bucket/yes/y1337.jpg,yes
gs://brain_check_bucket/yes/y1338.jpg,yes
gs://brain_check_bucket/yes/y1339.jpg,yes
gs://brain_check_bucket/yes/y134.jpg,yes
gs://brain_check_bucket/yes/y1340.jpg,yes
gs://brain_check_bucket/yes/y1341.jpg,yes
gs://brain_check_bucket/yes/y1342.jpg,yes
gs://brain_check_bucket/yes/y1343.jpg,yes
gs://brain_check_bucket/yes/y1344.jpg,yes
gs://brain_check_bucket/yes/y1345.jpg,yes
gs://brain_check_bucket/yes/y1346.jpg,yes
gs://brain_check_bucket/yes/y1347.jpg,yes
gs://brain_check_bucket/yes/y1348.jpg,yes
gs://brain_check_bucket/yes/y1349.jpg,yes
gs://brain_check_bucket/yes/y135.jpg,yes
gs://brain_check_bucket/yes/y1350.jpg,yes
gs://brain_check_bucket/yes/y1351.jpg,yes
gs://brain_check_bucket/yes/y1352.jpg,yes
gs://brain_check_bucket/yes/y1353.jpg,yes
gs://brain_check_bucket/yes/y1354.jpg,yes
gs://brain_check_bucket/yes/y1355.jpg,yes
gs://brain_check_bucket/yes/y1356.jpg,yes
gs://brain_check_bucket/yes/y1357.jpg,yes
gs://brain_check_bucket/yes/y1358.jpg,yes
gs://brain_check_bucket/yes/y1359.jpg,yes
gs://brain_check_bucket/yes/y136.jpg,yes
gs://brain_check_bucket/yes/y1360.jpg,yes
gs://brain_check_bucket/yes/y1361.jpg,yes
gs://brain_check_bucket/yes/y1362.jpg,yes
gs://brain_check_bucket/yes/y1363.jpg,yes
gs://brain_check_bucket/yes/y1364.jpg,yes
gs://brain_check_bucket/yes/y1365.jpg,yes
gs://brain_check_bucket/yes/y1366.jpg,yes
gs://brain_check_bucket/yes/y1367.jpg,yes
gs://brain_check_bucket/yes/y1368.jpg,yes
gs://brain_check_bucket/yes/y1369.jpg,yes
gs://brain_check_bucket/yes/y137.jpg,yes
gs://brain_check_bucket/yes/y1370.jpg,yes
gs://brain_check_bucket/yes/y1371.jpg,yes
gs://brain_check_bucket/yes/y1372.jpg,yes
gs://brain_check_bucket/yes/y1373.jpg,yes
gs://brain_check_bucket/yes/y1374.jpg,yes
gs://brain_check_bucket/yes/y1375.jpg,yes
gs://brain_check_bucket/yes/y1376.jpg,yes
gs://brain_check_bucket/yes/y1377.jpg,yes
gs://brain_check_bucket/yes/y1378.jpg,yes
gs://brain_check_bucket/yes/y1379.jpg,yes
gs://brain_check_bucket/yes/y138.jpg,yes
gs://brain_check_bucket/yes/y1380.jpg,yes
gs://brain_check_bucket/yes/y1381.jpg,yes
gs://brain_check_bucket/yes/y1382.jpg,yes
gs://brain_check_bucket/yes/y1383.jpg,yes
gs://brain_check_bucket/yes/y1384.jpg,yes
gs://brain_check_bucket/yes/y1385.jpg,yes
gs://brain_check_bucket/yes/y1386.jpg,yes
gs://brain_check_bucket/yes/y1387.jpg,yes
gs://brain_check_bucket/yes/y1388.jpg,yes
gs://brain_check_bucket/yes/y1389.jpg,yes
gs://brain_check_bucket/yes/y139.jpg,yes
gs://brain_check_bucket/yes/y1390.jpg,yes
gs://brain_check_bucket/yes/y1391.jpg,yes
gs://brain_check_bucket/yes/y1392.jpg,yes
gs://brain_check_bucket/yes/y1393.jpg,yes
gs://brain_check_bucket/yes/y1394.jpg,yes
gs://brain_check_bucket/yes/y1395.jpg,yes
gs://brain_check_bucket/yes/y1396.jpg,yes
gs://brain_check_bucket/yes/y1397.jpg,yes
gs://brain_check_bucket/yes/y1398.jpg,yes
gs://brain_check_bucket/yes/y1399.jpg,yes
gs://brain_check_bucket/yes/y14.jpg,yes
gs://brain_check_bucket/yes/y140.jpg,yes
gs://brain_check_bucket/yes/y1400.jpg,yes
gs://brain_check_bucket/yes/y1401.jpg,yes
gs://brain_check_bucket/yes/y1402.jpg,yes
gs://brain_check_bucket/yes/y1403.jpg,yes
gs://brain_check_bucket/yes/y1404.jpg,yes
gs://brain_check_bucket/yes/y1405.jpg,yes
gs://brain_check_bucket/yes/y1406.jpg,yes
gs://brain_check_bucket/yes/y1407.jpg,yes
gs://brain_check_bucket/yes/y1408.jpg,yes
gs://brain_check_bucket/yes/y1409.jpg,yes
gs://brain_check_bucket/yes/y141.jpg,yes
gs://brain_check_bucket/yes/y1410.jpg,yes
gs://brain_check_bucket/yes/y1411.jpg,yes
gs://brain_check_bucket/yes/y1412.jpg,yes
gs://brain_check_bucket/yes/y1413.jpg,yes
gs://brain_check_bucket/yes/y1414.jpg,yes
gs://brain_check_bucket/yes/y1415.jpg,yes
gs://brain_check_bucket/yes/y1416.jpg,yes
gs://brain_check_bucket/yes/y1417.jpg,yes
gs://brain_check_bucket/yes/y1418.jpg,yes
gs://brain_check_bucket/yes/y1419.jpg,yes
gs://brain_check_bucket/yes/y142.jpg,yes
gs://brain_check_bucket/yes/y1420.jpg,yes
gs://brain_check_bucket/yes/y1421.jpg,yes
gs://brain_check_bucket/yes/y1422.jpg,yes
gs://brain_check_bucket/yes/y1423.jpg,yes
gs://brain_check_bucket/yes/y1424.jpg,yes
gs://brain_check_bucket/yes/y1425.jpg,yes
gs://brain_check_bucket/yes/y1426.jpg,yes
gs://brain_check_bucket/yes/y1427.jpg,yes
gs://brain_check_bucket/yes/y1428.jpg,yes
gs://brain_check_bucket/yes/y1429.jpg,yes
gs://brain_check_bucket/yes/y143.jpg,yes
gs://brain_check_bucket/yes/y1430.jpg,yes
gs://brain_check_bucket/yes/y1431.jpg,yes
gs://brain_check_bucket/yes/y1432.jpg,yes
gs://brain_check_bucket/yes/y1433.jpg,yes
gs://brain_check_bucket/yes/y1434.jpg,yes
gs://brain_check_bucket/yes/y1435.jpg,yes
gs://brain_check_bucket/yes/y1436.jpg,yes
gs://brain_check_bucket/yes/y1437.jpg,yes
gs://brain_check_bucket/yes/y1438.jpg,yes
gs://brain_check_bucket/yes/y1439.jpg,yes
gs://brain_check_bucket/yes/y144.jpg,yes
gs://brain_check_bucket/yes/y1440.jpg,yes
gs://brain_check_bucket/yes/y1441.jpg,yes
gs://brain_check_bucket/yes/y1442.jpg,yes
gs://brain_check_bucket/yes/y1443.jpg,yes
gs://brain_check_bucket/yes/y1444.jpg,yes
gs://brain_check_bucket/yes/y1445.jpg,yes
gs://brain_check_bucket/yes/y1446.jpg,yes
gs://brain_check_bucket/yes/y1447.jpg,yes
gs://brain_check_bucket/yes/y1448.jpg,yes
gs://brain_check_bucket/yes/y1449.jpg,yes
gs://brain_check_bucket/yes/y145.jpg,yes
gs://brain_check_bucket/yes/y1450.jpg,yes
gs://brain_check_bucket/yes/y1451.jpg,yes
gs://brain_check_bucket/yes/y1452.jpg,yes
gs://brain_check_bucket/yes/y1453.jpg,yes
gs://brain_check_bucket/yes/y1454.jpg,yes
gs://brain_check_bucket/yes/y1455.jpg,yes
gs://brain_check_bucket/yes/y1456.jpg,yes
gs://brain_check_bucket/yes/y1457.jpg,yes
gs://brain_check_bucket/yes/y1458.jpg,yes
gs://brain_check_bucket/yes/y1459.jpg,yes
gs://brain_check_bucket/yes/y146.jpg,yes
gs://brain_check_bucket/yes/y1460.jpg,yes
gs://brain_check_bucket/yes/y1461.jpg,yes
gs://brain_check_bucket/yes/y1462.jpg,yes
gs://brain_check_bucket/yes/y1463.jpg,yes
gs://brain_check_bucket/yes/y1464.jpg,yes
gs://brain_check_bucket/yes/y1465.jpg,yes
gs://brain_check_bucket/yes/y1466.jpg,yes
gs://brain_check_bucket/yes/y1467.jpg,yes
gs://brain_check_bucket/yes/y1468.jpg,yes
gs://brain_check_bucket/yes/y1469.jpg,yes
gs://brain_check_bucket/yes/y147.jpg,yes
gs://brain_check_bucket/yes/y1470.jpg,yes
gs://brain_check_bucket/yes/y1471.jpg,yes
gs://brain_check_bucket/yes/y1472.jpg,yes
gs://brain_check_bucket/yes/y1473.jpg,yes
gs://brain_check_bucket/yes/y1474.jpg,yes
gs://brain_check_bucket/yes/y1475.jpg,yes
gs://brain_check_bucket/yes/y1476.jpg,yes
gs://brain_check_bucket/yes/y1477.jpg,yes
gs://brain_check_bucket/yes/y1478.jpg,yes
gs://brain_check_bucket/yes/y1479.jpg,yes
gs://brain_check_bucket/yes/y148.jpg,yes
gs://brain_check_bucket/yes/y1480.jpg,yes
gs://brain_check_bucket/yes/y1481.jpg,yes
gs://brain_check_bucket/yes/y1482.jpg,yes
gs://brain_check_bucket/yes/y1483.jpg,yes
gs://brain_check_bucket/yes/y1484.jpg,yes
gs://brain_check_bucket/yes/y1485.jpg,yes
gs://brain_check_bucket/yes/y1486.jpg,yes
gs://brain_check_bucket/yes/y1487.jpg,yes
gs://brain_check_bucket/yes/y1488.jpg,yes
gs://brain_check_bucket/yes/y1489.jpg,yes
gs://brain_check_bucket/yes/y149.jpg,yes
gs://brain_check_bucket/yes/y1490.jpg,yes
gs://brain_check_bucket/yes/y1491.jpg,yes
gs://brain_check_bucket/yes/y1492.jpg,yes
gs://brain_check_bucket/yes/y1493.jpg,yes
gs://brain_check_bucket/yes/y1494.jpg,yes
gs://brain_check_bucket/yes/y1495.jpg,yes
gs://brain_check_bucket/yes/y1496.jpg,yes
gs://brain_check_bucket/yes/y1497.jpg,yes
gs://brain_check_bucket/yes/y1498.jpg,yes
gs://brain_check_bucket/yes/y1499.jpg,yes
gs://brain_check_bucket/yes/y15.jpg,yes
gs://brain_check_bucket/yes/y150.jpg,yes
gs://brain_check_bucket/yes/y151.jpg,yes
gs://brain_check_bucket/yes/y152.jpg,yes
gs://brain_check_bucket/yes/y153.jpg,yes
gs://brain_check_bucket/yes/y154.jpg,yes
gs://brain_check_bucket/yes/y155.jpg,yes
gs://brain_check_bucket/yes/y156.jpg,yes
gs://brain_check_bucket/yes/y157.jpg,yes
gs://brain_check_bucket/yes/y158.jpg,yes
gs://brain_check_bucket/yes/y159.jpg,yes
gs://brain_check_bucket/yes/y16.jpg,yes
gs://brain_check_bucket/yes/y160.jpg,yes
gs://brain_check_bucket/yes/y161.jpg,yes
gs://brain_check_bucket/yes/y162.jpg,yes
gs://brain_check_bucket/yes/y163.jpg,yes
gs://brain_check_bucket/yes/y164.jpg,yes
gs://brain_check_bucket/yes/y165.jpg,yes
gs://brain_check_bucket/yes/y166.jpg,yes
gs://brain_check_bucket/yes/y167.jpg,yes
gs://brain_check_bucket/yes/y168.jpg,yes
gs://brain_check_bucket/yes/y169.jpg,yes
gs://brain_check_bucket/yes/y17.jpg,yes
gs://brain_check_bucket/yes/y170.jpg,yes
gs://brain_check_bucket/yes/y171.jpg,yes
gs://brain_check_bucket/yes/y172.jpg,yes
gs://brain_check_bucket/yes/y173.jpg,yes
gs://brain_check_bucket/yes/y174.jpg,yes
gs://brain_check_bucket/yes/y175.jpg,yes
gs://brain_check_bucket/yes/y176.jpg,yes
gs://brain_check_bucket/yes/y177.jpg,yes
gs://brain_check_bucket/yes/y178.jpg,yes
gs://brain_check_bucket/yes/y179.jpg,yes
gs://brain_check_bucket/yes/y18.jpg,yes
gs://brain_check_bucket/yes/y180.jpg,yes
gs://brain_check_bucket/yes/y181.jpg,yes
gs://brain_check_bucket/yes/y182.jpg,yes
gs://brain_check_bucket/yes/y183.jpg,yes
gs://brain_check_bucket/yes/y184.jpg,yes
gs://brain_check_bucket/yes/y185.jpg,yes
gs://brain_check_bucket/yes/y186.jpg,yes
gs://brain_check_bucket/yes/y187.jpg,yes
gs://brain_check_bucket/yes/y188.jpg,yes
gs://brain_check_bucket/yes/y189.jpg,yes
gs://brain_check_bucket/yes/y19.jpg,yes
gs://brain_check_bucket/yes/y190.jpg,yes
gs://brain_check_bucket/yes/y191.jpg,yes
gs://brain_check_bucket/yes/y192.jpg,yes
gs://brain_check_bucket/yes/y193.jpg,yes
gs://brain_check_bucket/yes/y194.jpg,yes
gs://brain_check_bucket/yes/y195.jpg,yes
gs://brain_check_bucket/yes/y196.jpg,yes
gs://brain_check_bucket/yes/y197.jpg,yes
gs://brain_check_bucket/yes/y198.jpg,yes
gs://brain_check_bucket/yes/y199.jpg,yes
gs://brain_check_bucket/yes/y2.jpg,yes
gs://brain_check_bucket/yes/y20.jpg,yes
gs://brain_check_bucket/yes/y200.jpg,yes
gs://brain_check_bucket/yes/y201.jpg,yes
gs://brain_check_bucket/yes/y202.jpg,yes
gs://brain_check_bucket/yes/y203.jpg,yes
gs://brain_check_bucket/yes/y204.jpg,yes
gs://brain_check_bucket/yes/y205.jpg,yes
gs://brain_check_bucket/yes/y206.jpg,yes
gs://brain_check_bucket/yes/y207.jpg,yes
gs://brain_check_bucket/yes/y208.jpg,yes
gs://brain_check_bucket/yes/y209.jpg,yes
gs://brain_check_bucket/yes/y21.jpg,yes
gs://brain_check_bucket/yes/y210.jpg,yes
gs://brain_check_bucket/yes/y211.jpg,yes
gs://brain_check_bucket/yes/y212.jpg,yes
gs://brain_check_bucket/yes/y213.jpg,yes
gs://brain_check_bucket/yes/y214.jpg,yes
gs://brain_check_bucket/yes/y215.jpg,yes
gs://brain_check_bucket/yes/y216.jpg,yes
gs://brain_check_bucket/yes/y217.jpg,yes
gs://brain_check_bucket/yes/y218.jpg,yes
gs://brain_check_bucket/yes/y219.jpg,yes
gs://brain_check_bucket/yes/y22.jpg,yes
gs://brain_check_bucket/yes/y220.jpg,yes
gs://brain_check_bucket/yes/y221.jpg,yes
gs://brain_check_bucket/yes/y222.jpg,yes
gs://brain_check_bucket/yes/y223.jpg,yes
gs://brain_check_bucket/yes/y224.jpg,yes
gs://brain_check_bucket/yes/y225.jpg,yes
gs://brain_check_bucket/yes/y226.jpg,yes
gs://brain_check_bucket/yes/y227.jpg,yes
gs://brain_check_bucket/yes/y228.jpg,yes
gs://brain_check_bucket/yes/y229.jpg,yes
gs://brain_check_bucket/yes/y23.jpg,yes
gs://brain_check_bucket/yes/y230.jpg,yes
gs://brain_check_bucket/yes/y231.jpg,yes
gs://brain_check_bucket/yes/y232.jpg,yes
gs://brain_check_bucket/yes/y233.jpg,yes
gs://brain_check_bucket/yes/y234.jpg,yes
gs://brain_check_bucket/yes/y235.jpg,yes
gs://brain_check_bucket/yes/y236.jpg,yes
gs://brain_check_bucket/yes/y237.jpg,yes
gs://brain_check_bucket/yes/y238.jpg,yes
gs://brain_check_bucket/yes/y239.jpg,yes
gs://brain_check_bucket/yes/y24.jpg,yes
gs://brain_check_bucket/yes/y240.jpg,yes
gs://brain_check_bucket/yes/y241.jpg,yes
gs://brain_check_bucket/yes/y242.jpg,yes
gs://brain_check_bucket/yes/y243.jpg,yes
gs://brain_check_bucket/yes/y244.jpg,yes
gs://brain_check_bucket/yes/y245.jpg,yes
gs://brain_check_bucket/yes/y246.jpg,yes
gs://brain_check_bucket/yes/y247.jpg,yes
gs://brain_check_bucket/yes/y248.jpg,yes
gs://brain_check_bucket/yes/y249.jpg,yes
gs://brain_check_bucket/yes/y25.jpg,yes
gs://brain_check_bucket/yes/y250.jpg,yes
gs://brain_check_bucket/yes/y251.jpg,yes
gs://brain_check_bucket/yes/y252.jpg,yes
gs://brain_check_bucket/yes/y253.jpg,yes
gs://brain_check_bucket/yes/y254.jpg,yes
gs://brain_check_bucket/yes/y255.jpg,yes
gs://brain_check_bucket/yes/y256.jpg,yes
gs://brain_check_bucket/yes/y257.jpg,yes
gs://brain_check_bucket/yes/y258.jpg,yes
gs://brain_check_bucket/yes/y259.jpg,yes
gs://brain_check_bucket/yes/y26.jpg,yes
gs://brain_check_bucket/yes/y260.jpg,yes
gs://brain_check_bucket/yes/y261.jpg,yes
gs://brain_check_bucket/yes/y262.jpg,yes
gs://brain_check_bucket/yes/y263.jpg,yes
gs://brain_check_bucket/yes/y264.jpg,yes
gs://brain_check_bucket/yes/y265.jpg,yes
gs://brain_check_bucket/yes/y266.jpg,yes
gs://brain_check_bucket/yes/y267.jpg,yes
gs://brain_check_bucket/yes/y268.jpg,yes
gs://brain_check_bucket/yes/y269.jpg,yes
gs://brain_check_bucket/yes/y27.jpg,yes
gs://brain_check_bucket/yes/y270.jpg,yes
gs://brain_check_bucket/yes/y271.jpg,yes
gs://brain_check_bucket/yes/y272.jpg,yes
gs://brain_check_bucket/yes/y273.jpg,yes
gs://brain_check_bucket/yes/y274.jpg,yes
gs://brain_check_bucket/yes/y275.jpg,yes
gs://brain_check_bucket/yes/y276.jpg,yes
gs://brain_check_bucket/yes/y277.jpg,yes
gs://brain_check_bucket/yes/y278.jpg,yes
gs://brain_check_bucket/yes/y279.jpg,yes
gs://brain_check_bucket/yes/y28.jpg,yes
gs://brain_check_bucket/yes/y280.jpg,yes
gs://brain_check_bucket/yes/y281.jpg,yes
gs://brain_check_bucket/yes/y282.jpg,yes
gs://brain_check_bucket/yes/y283.jpg,yes
gs://brain_check_bucket/yes/y284.jpg,yes
gs://brain_check_bucket/yes/y285.jpg,yes
gs://brain_check_bucket/yes/y286.jpg,yes
gs://brain_check_bucket/yes/y287.jpg,yes
gs://brain_check_bucket/yes/y288.jpg,yes
gs://brain_check_bucket/yes/y289.jpg,yes
gs://brain_check_bucket/yes/y29.jpg,yes
gs://brain_check_bucket/yes/y290.jpg,yes
gs://brain_check_bucket/yes/y291.jpg,yes
gs://brain_check_bucket/yes/y292.jpg,yes
gs://brain_check_bucket/yes/y293.jpg,yes
gs://brain_check_bucket/yes/y294.jpg,yes
gs://brain_check_bucket/yes/y295.jpg,yes
gs://brain_check_bucket/yes/y296.jpg,yes
gs://brain_check_bucket/yes/y297.jpg,yes
gs://brain_check_bucket/yes/y298.jpg,yes
gs://brain_check_bucket/yes/y299.jpg,yes
gs://brain_check_bucket/yes/y3.jpg,yes
gs://brain_check_bucket/yes/y30.jpg,yes
gs://brain_check_bucket/yes/y300.jpg,yes
gs://brain_check_bucket/yes/y301.jpg,yes
gs://brain_check_bucket/yes/y302.jpg,yes
gs://brain_check_bucket/yes/y303.jpg,yes
gs://brain_check_bucket/yes/y304.jpg,yes
gs://brain_check_bucket/yes/y305.jpg,yes
gs://brain_check_bucket/yes/y306.jpg,yes
gs://brain_check_bucket/yes/y307.jpg,yes
gs://brain_check_bucket/yes/y308.jpg,yes
gs://brain_check_bucket/yes/y309.jpg,yes
gs://brain_check_bucket/yes/y31.jpg,yes
gs://brain_check_bucket/yes/y310.jpg,yes
gs://brain_check_bucket/yes/y311.jpg,yes
gs://brain_check_bucket/yes/y312.jpg,yes
gs://brain_check_bucket/yes/y313.jpg,yes
gs://brain_check_bucket/yes/y314.jpg,yes
gs://brain_check_bucket/yes/y315.jpg,yes
gs://brain_check_bucket/yes/y316.jpg,yes
gs://brain_check_bucket/yes/y317.jpg,yes
gs://brain_check_bucket/yes/y318.jpg,yes
gs://brain_check_bucket/yes/y319.jpg,yes
gs://brain_check_bucket/yes/y32.jpg,yes
gs://brain_check_bucket/yes/y320.jpg,yes
gs://brain_check_bucket/yes/y321.jpg,yes
gs://brain_check_bucket/yes/y322.jpg,yes
gs://brain_check_bucket/yes/y323.jpg,yes
gs://brain_check_bucket/yes/y324.jpg,yes
gs://brain_check_bucket/yes/y325.jpg,yes
gs://brain_check_bucket/yes/y326.jpg,yes
gs://brain_check_bucket/yes/y327.jpg,yes
gs://brain_check_bucket/yes/y328.jpg,yes
gs://brain_check_bucket/yes/y329.jpg,yes
gs://brain_check_bucket/yes/y33.jpg,yes
gs://brain_check_bucket/yes/y330.jpg,yes
gs://brain_check_bucket/yes/y331.jpg,yes
gs://brain_check_bucket/yes/y332.jpg,yes
gs://brain_check_bucket/yes/y333.jpg,yes
gs://brain_check_bucket/yes/y334.jpg,yes
gs://brain_check_bucket/yes/y335.jpg,yes
gs://brain_check_bucket/yes/y336.jpg,yes
gs://brain_check_bucket/yes/y337.jpg,yes
gs://brain_check_bucket/yes/y338.jpg,yes
gs://brain_check_bucket/yes/y339.jpg,yes
gs://brain_check_bucket/yes/y34.jpg,yes
gs://brain_check_bucket/yes/y340.jpg,yes
gs://brain_check_bucket/yes/y341.jpg,yes
gs://brain_check_bucket/yes/y342.jpg,yes
gs://brain_check_bucket/yes/y343.jpg,yes
gs://brain_check_bucket/yes/y344.jpg,yes
gs://brain_check_bucket/yes/y345.jpg,yes
gs://brain_check_bucket/yes/y346.jpg,yes
gs://brain_check_bucket/yes/y347.jpg,yes
gs://brain_check_bucket/yes/y348.jpg,yes
gs://brain_check_bucket/yes/y349.jpg,yes
gs://brain_check_bucket/yes/y35.jpg,yes
gs://brain_check_bucket/yes/y350.jpg,yes
gs://brain_check_bucket/yes/y351.jpg,yes
gs://brain_check_bucket/yes/y352.jpg,yes
gs://brain_check_bucket/yes/y353.jpg,yes
gs://brain_check_bucket/yes/y354.jpg,yes
gs://brain_check_bucket/yes/y355.jpg,yes
gs://brain_check_bucket/yes/y356.jpg,yes
gs://brain_check_bucket/yes/y357.jpg,yes
gs://brain_check_bucket/yes/y358.jpg,yes
gs://brain_check_bucket/yes/y359.jpg,yes
gs://brain_check_bucket/yes/y36.jpg,yes
gs://brain_check_bucket/yes/y360.jpg,yes
gs://brain_check_bucket/yes/y361.jpg,yes
gs://brain_check_bucket/yes/y362.jpg,yes
gs://brain_check_bucket/yes/y363.jpg,yes
gs://brain_check_bucket/yes/y364.jpg,yes
gs://brain_check_bucket/yes/y365.jpg,yes
gs://brain_check_bucket/yes/y366.jpg,yes
gs://brain_check_bucket/yes/y367.jpg,yes
gs://brain_check_bucket/yes/y368.jpg,yes
gs://brain_check_bucket/yes/y369.jpg,yes
gs://brain_check_bucket/yes/y37.jpg,yes
gs://brain_check_bucket/yes/y370.jpg,yes
gs://brain_check_bucket/yes/y371.jpg,yes
gs://brain_check_bucket/yes/y372.jpg,yes
gs://brain_check_bucket/yes/y373.jpg,yes
gs://brain_check_bucket/yes/y374.jpg,yes
gs://brain_check_bucket/yes/y375.jpg,yes
gs://brain_check_bucket/yes/y376.jpg,yes
gs://brain_check_bucket/yes/y377.jpg,yes
gs://brain_check_bucket/yes/y378.jpg,yes
gs://brain_check_bucket/yes/y379.jpg,yes
gs://brain_check_bucket/yes/y38.jpg,yes
gs://brain_check_bucket/yes/y380.jpg,yes
gs://brain_check_bucket/yes/y381.jpg,yes
gs://brain_check_bucket/yes/y382.jpg,yes
gs://brain_check_bucket/yes/y383.jpg,yes
gs://brain_check_bucket/yes/y384.jpg,yes
gs://brain_check_bucket/yes/y385.jpg,yes
gs://brain_check_bucket/yes/y386.jpg,yes
gs://brain_check_bucket/yes/y387.jpg,yes
gs://brain_check_bucket/yes/y388.jpg,yes
gs://brain_check_bucket/yes/y389.jpg,yes
gs://brain_check_bucket/yes/y39.jpg,yes
gs://brain_check_bucket/yes/y390.jpg,yes
gs://brain_check_bucket/yes/y391.jpg,yes
gs://brain_check_bucket/yes/y392.jpg,yes
gs://brain_check_bucket/yes/y393.jpg,yes
gs://brain_check_bucket/yes/y394.jpg,yes
gs://brain_check_bucket/yes/y395.jpg,yes
gs://brain_check_bucket/yes/y396.jpg,yes
gs://brain_check_bucket/yes/y397.jpg,yes
gs://brain_check_bucket/yes/y398.jpg,yes
gs://brain_check_bucket/yes/y399.jpg,yes
gs://brain_check_bucket/yes/y4.jpg,yes
gs://brain_check_bucket/yes/y40.jpg,yes
gs://brain_check_bucket/yes/y400.jpg,yes
gs://brain_check_bucket/yes/y401.jpg,yes
gs://brain_check_bucket/yes/y402.jpg,yes
gs://brain_check_bucket/yes/y403.jpg,yes
gs://brain_check_bucket/yes/y404.jpg,yes
gs://brain_check_bucket/yes/y405.jpg,yes
gs://brain_check_bucket/yes/y406.jpg,yes
gs://brain_check_bucket/yes/y407.jpg,yes
gs://brain_check_bucket/yes/y408.jpg,yes
gs://brain_check_bucket/yes/y409.jpg,yes
gs://brain_check_bucket/yes/y41.jpg,yes
gs://brain_check_bucket/yes/y410.jpg,yes
gs://brain_check_bucket/yes/y411.jpg,yes
gs://brain_check_bucket/yes/y412.jpg,yes
gs://brain_check_bucket/yes/y413.jpg,yes
gs://brain_check_bucket/yes/y414.jpg,yes
gs://brain_check_bucket/yes/y415.jpg,yes
gs://brain_check_bucket/yes/y416.jpg,yes
gs://brain_check_bucket/yes/y417.jpg,yes
gs://brain_check_bucket/yes/y418.jpg,yes
gs://brain_check_bucket/yes/y419.jpg,yes
gs://brain_check_bucket/yes/y42.jpg,yes
gs://brain_check_bucket/yes/y420.jpg,yes
gs://brain_check_bucket/yes/y421.jpg,yes
gs://brain_check_bucket/yes/y422.jpg,yes
gs://brain_check_bucket/yes/y423.jpg,yes
gs://brain_check_bucket/yes/y424.jpg,yes
gs://brain_check_bucket/yes/y425.jpg,yes
gs://brain_check_bucket/yes/y426.jpg,yes
gs://brain_check_bucket/yes/y427.jpg,yes
gs://brain_check_bucket/yes/y428.jpg,yes
gs://brain_check_bucket/yes/y429.jpg,yes
gs://brain_check_bucket/yes/y43.jpg,yes
gs://brain_check_bucket/yes/y430.jpg,yes
gs://brain_check_bucket/yes/y431.jpg,yes
gs://brain_check_bucket/yes/y432.jpg,yes
gs://brain_check_bucket/yes/y433.jpg,yes
gs://brain_check_bucket/yes/y434.jpg,yes
gs://brain_check_bucket/yes/y435.jpg,yes
gs://brain_check_bucket/yes/y436.jpg,yes
gs://brain_check_bucket/yes/y437.jpg,yes
gs://brain_check_bucket/yes/y438.jpg,yes
gs://brain_check_bucket/yes/y439.jpg,yes
gs://brain_check_bucket/yes/y44.jpg,yes
gs://brain_check_bucket/yes/y440.jpg,yes
gs://brain_check_bucket/yes/y441.jpg,yes
gs://brain_check_bucket/yes/y442.jpg,yes
gs://brain_check_bucket/yes/y443.jpg,yes
gs://brain_check_bucket/yes/y444.jpg,yes
gs://brain_check_bucket/yes/y445.jpg,yes
gs://brain_check_bucket/yes/y446.jpg,yes
gs://brain_check_bucket/yes/y447.jpg,yes
gs://brain_check_bucket/yes/y448.jpg,yes
gs://brain_check_bucket/yes/y449.jpg,yes
gs://brain_check_bucket/yes/y45.jpg,yes
gs://brain_check_bucket/yes/y450.jpg,yes
gs://brain_check_bucket/yes/y451.jpg,yes
gs://brain_check_bucket/yes/y452.jpg,yes
gs://brain_check_bucket/yes/y453.jpg,yes
gs://brain_check_bucket/yes/y454.jpg,yes
gs://brain_check_bucket/yes/y455.jpg,yes
gs://brain_check_bucket/yes/y456.jpg,yes
gs://brain_check_bucket/yes/y457.jpg,yes
gs://brain_check_bucket/yes/y458.jpg,yes
gs://brain_check_bucket/yes/y459.jpg,yes
gs://brain_check_bucket/yes/y46.jpg,yes
gs://brain_check_bucket/yes/y460.jpg,yes
gs://brain_check_bucket/yes/y461.jpg,yes
gs://brain_check_bucket/yes/y462.jpg,yes
gs://brain_check_bucket/yes/y463.jpg,yes
gs://brain_check_bucket/yes/y464.jpg,yes
gs://brain_check_bucket/yes/y465.jpg,yes
gs://brain_check_bucket/yes/y466.jpg,yes
gs://brain_check_bucket/yes/y467.jpg,yes
gs://brain_check_bucket/yes/y468.jpg,yes
gs://brain_check_bucket/yes/y469.jpg,yes
gs://brain_check_bucket/yes/y47.jpg,yes
gs://brain_check_bucket/yes/y470.jpg,yes
gs://brain_check_bucket/yes/y471.jpg,yes
gs://brain_check_bucket/yes/y472.jpg,yes
gs://brain_check_bucket/yes/y473.jpg,yes
gs://brain_check_bucket/yes/y474.jpg,yes
gs://brain_check_bucket/yes/y475.jpg,yes
gs://brain_check_bucket/yes/y476.jpg,yes
gs://brain_check_bucket/yes/y477.jpg,yes
gs://brain_check_bucket/yes/y478.jpg,yes
gs://brain_check_bucket/yes/y479.jpg,yes
gs://brain_check_bucket/yes/y48.jpg,yes
gs://brain_check_bucket/yes/y480.jpg,yes
gs://brain_check_bucket/yes/y481.jpg,yes
gs://brain_check_bucket/yes/y482.jpg,yes
gs://brain_check_bucket/yes/y483.jpg,yes
gs://brain_check_bucket/yes/y484.jpg,yes
gs://brain_check_bucket/yes/y485.jpg,yes
gs://brain_check_bucket/yes/y486.jpg,yes
gs://brain_check_bucket/yes/y487.jpg,yes
gs://brain_check_bucket/yes/y488.jpg,yes
gs://brain_check_bucket/yes/y489.jpg,yes
gs://brain_check_bucket/yes/y49.jpg,yes
gs://brain_check_bucket/yes/y490.jpg,yes
gs://brain_check_bucket/yes/y491.jpg,yes
gs://brain_check_bucket/yes/y492.jpg,yes
gs://brain_check_bucket/yes/y493.jpg,yes
gs://brain_check_bucket/yes/y494.jpg,yes
gs://brain_check_bucket/yes/y495.jpg,yes
gs://brain_check_bucket/yes/y496.jpg,yes
gs://brain_check_bucket/yes/y497.jpg,yes
gs://brain_check_bucket/yes/y498.jpg,yes
gs://brain_check_bucket/yes/y499.jpg,yes
gs://brain_check_bucket/yes/y5.jpg,yes
gs://brain_check_bucket/yes/y50.jpg,yes
gs://brain_check_bucket/yes/y500.jpg,yes
gs://brain_check_bucket/yes/y501.jpg,yes
gs://brain_check_bucket/yes/y502.jpg,yes
gs://brain_check_bucket/yes/y503.jpg,yes
gs://brain_check_bucket/yes/y504.jpg,yes
gs://brain_check_bucket/yes/y505.jpg,yes
gs://brain_check_bucket/yes/y506.jpg,yes
gs://brain_check_bucket/yes/y507.jpg,yes
gs://brain_check_bucket/yes/y508.jpg,yes
gs://brain_check_bucket/yes/y509.jpg,yes
gs://brain_check_bucket/yes/y51.jpg,yes
gs://brain_check_bucket/yes/y510.jpg,yes
gs://brain_check_bucket/yes/y511.jpg,yes
gs://brain_check_bucket/yes/y512.jpg,yes
gs://brain_check_bucket/yes/y513.jpg,yes
gs://brain_check_bucket/yes/y514.jpg,yes
gs://brain_check_bucket/yes/y515.jpg,yes
gs://brain_check_bucket/yes/y516.jpg,yes
gs://brain_check_bucket/yes/y517.jpg,yes
gs://brain_check_bucket/yes/y518.jpg,yes
gs://brain_check_bucket/yes/y519.jpg,yes
gs://brain_check_bucket/yes/y52.jpg,yes
gs://brain_check_bucket/yes/y520.jpg,yes
gs://brain_check_bucket/yes/y521.jpg,yes
gs://brain_check_bucket/yes/y522.jpg,yes
gs://brain_check_bucket/yes/y523.jpg,yes
gs://brain_check_bucket/yes/y524.jpg,yes
gs://brain_check_bucket/yes/y525.jpg,yes
gs://brain_check_bucket/yes/y526.jpg,yes
gs://brain_check_bucket/yes/y527.jpg,yes
gs://brain_check_bucket/yes/y528.jpg,yes
gs://brain_check_bucket/yes/y529.jpg,yes
gs://brain_check_bucket/yes/y53.jpg,yes
gs://brain_check_bucket/yes/y530.jpg,yes
gs://brain_check_bucket/yes/y531.jpg,yes
gs://brain_check_bucket/yes/y532.jpg,yes
gs://brain_check_bucket/yes/y533.jpg,yes
gs://brain_check_bucket/yes/y534.jpg,yes
gs://brain_check_bucket/yes/y535.jpg,yes
gs://brain_check_bucket/yes/y536.jpg,yes
gs://brain_check_bucket/yes/y537.jpg,yes
gs://brain_check_bucket/yes/y538.jpg,yes
gs://brain_check_bucket/yes/y539.jpg,yes
gs://brain_check_bucket/yes/y54.jpg,yes
gs://brain_check_bucket/yes/y540.jpg,yes
gs://brain_check_bucket/yes/y541.jpg,yes
gs://brain_check_bucket/yes/y542.jpg,yes
gs://brain_check_bucket/yes/y543.jpg,yes
gs://brain_check_bucket/yes/y544.jpg,yes
gs://brain_check_bucket/yes/y545.jpg,yes
gs://brain_check_bucket/yes/y546.jpg,yes
gs://brain_check_bucket/yes/y547.jpg,yes
gs://brain_check_bucket/yes/y548.jpg,yes
